Name,ShortName,Description,Process,Count
sensor_combined.gyro_rad[0],,,1,66500
sensor_combined.gyro_rad[1],,,1,66500
sensor_combined.gyro_rad[2],,,1,66500
sensor_combined.gyro_integral_dt,,,1,66500
sensor_combined.accelerometer_m_s2[0],,,1,66500
sensor_combined.accelerometer_m_s2[1],,,1,66500
sensor_combined.accelerometer_m_s2[2],,,1,66500
sensor_combined.accelerometer_integral_dt,,,1,66500
sensor_combined.magnetometer_ga[0],,,1,66500
sensor_combined.magnetometer_ga[1],,,1,66500
sensor_combined.magnetometer_ga[2],,,1,66500
sensor_combined.baro_alt_meter,,,1,66500
sensor_combined.baro_temp_celcius,,,1,66500
sensor_baro.error_count,,,1,18434
sensor_baro.pressure,,,1,18434
sensor_baro.altitude,,,1,18434
sensor_baro.temperature,,,1,18434
sensor_baro.device_id,,,1,18434
safety.safety_switch_available,,,1,12120
safety.safety_off,,,1,12120
safety.override_available,,,1,12120
safety.override_enabled,,,1,12120
rate_ctrl_status.rollspeed,,,1,8437
rate_ctrl_status.pitchspeed,,,1,8437
rate_ctrl_status.yawspeed,,,1,8437
rate_ctrl_status.rollspeed_integ,,,1,8437
rate_ctrl_status.pitchspeed_integ,,,1,8437
rate_ctrl_status.yawspeed_integ,,,1,8437
rate_ctrl_status.additional_integ1,,,1,8437
vehicle_attitude.rollspeed,,,1,8434
vehicle_attitude.pitchspeed,,,1,8434
vehicle_attitude.yawspeed,,,1,8434
vehicle_attitude.q[0],,,1,8434
vehicle_attitude.q[1],,,1,8434
vehicle_attitude.q[2],,,1,8434
vehicle_attitude.q[3],,,1,8434
vehicle_attitude.delta_q_reset[0],,,1,8434
vehicle_attitude.delta_q_reset[1],,,1,8434
vehicle_attitude.delta_q_reset[2],,,1,8434
vehicle_attitude.delta_q_reset[3],,,1,8434
vehicle_attitude.quat_reset_counter,,,1,8434
vehicle_rates_setpoint.roll,,,1,8432
vehicle_rates_setpoint.pitch,,,1,8432
vehicle_rates_setpoint.yaw,,,1,8432
vehicle_rates_setpoint.thrust,,,1,8432
actuator_outputs.noutputs,,,1,5252
actuator_outputs.output[0],,,1,5252
actuator_outputs.output[1],,,1,5252
actuator_outputs.output[2],,,1,5252
actuator_outputs.output[3],,,1,5252
actuator_outputs.output[4],,,1,5252
actuator_outputs.output[5],,,1,5252
actuator_outputs.output[6],,,1,5252
actuator_outputs.output[7],,,1,5252
actuator_outputs.output[8],,,1,5252
actuator_outputs.output[9],,,1,5252
actuator_outputs.output[10],,,1,5252
actuator_outputs.output[11],,,1,5252
actuator_outputs.output[12],,,1,5252
actuator_outputs.output[13],,,1,5252
actuator_outputs.output[14],,,1,5252
actuator_outputs.output[15],,,1,5252
actuator_controls_0.control[0],,,1,2626
actuator_controls_0.control[1],,,1,2626
actuator_controls_0.control[2],,,1,2626
actuator_controls_0.control[3],,,1,2626
actuator_controls_0.control[4],,,1,2626
actuator_controls_0.control[5],,,1,2626
actuator_controls_0.control[6],,,1,2626
actuator_controls_0.control[7],,,1,2626
vehicle_attitude_setpoint.roll_body,,,1,2626
vehicle_attitude_setpoint.pitch_body,,,1,2626
vehicle_attitude_setpoint.yaw_body,,,1,2626
vehicle_attitude_setpoint.yaw_sp_move_rate,,,1,2626
vehicle_attitude_setpoint.q_d[0],,,1,2626
vehicle_attitude_setpoint.q_d[1],,,1,2626
vehicle_attitude_setpoint.q_d[2],,,1,2626
vehicle_attitude_setpoint.q_d[3],,,1,2626
vehicle_attitude_setpoint.thrust,,,1,2626
vehicle_attitude_setpoint.landing_gear,,,1,2626
vehicle_attitude_setpoint.q_d_valid,,,1,2626
vehicle_attitude_setpoint.roll_reset_integral,,,1,2626
vehicle_attitude_setpoint.pitch_reset_integral,,,1,2626
vehicle_attitude_setpoint.yaw_reset_integral,,,1,2626
vehicle_attitude_setpoint.fw_control_yaw,,,1,2626
vehicle_attitude_setpoint.disable_mc_yaw_control,,,1,2626
vehicle_attitude_setpoint.apply_flaps,,,1,2626
vehicle_local_position.ref_lat,,,1,2626
vehicle_local_position.ref_lon,,,1,2626
vehicle_local_position.x,,,1,2626
vehicle_local_position.y,,,1,2626
vehicle_local_position.z,,,1,2626
vehicle_local_position.delta_xy[0],,,1,2626
vehicle_local_position.delta_xy[1],,,1,2626
vehicle_local_position.delta_z,,,1,2626
vehicle_local_position.vx,,,1,2626
vehicle_local_position.vy,,,1,2626
vehicle_local_position.vz,,,1,2626
vehicle_local_position.z_deriv,,,1,2626
vehicle_local_position.delta_vxy[0],,,1,2626
vehicle_local_position.delta_vxy[1],,,1,2626
vehicle_local_position.delta_vz,,,1,2626
vehicle_local_position.ax,,,1,2626
vehicle_local_position.ay,,,1,2626
vehicle_local_position.az,,,1,2626
vehicle_local_position.yaw,,,1,2626
vehicle_local_position.ref_alt,,,1,2626
vehicle_local_position.dist_bottom,,,1,2626
vehicle_local_position.dist_bottom_rate,,,1,2626
vehicle_local_position.eph,,,1,2626
vehicle_local_position.epv,,,1,2626
vehicle_local_position.evh,,,1,2626
vehicle_local_position.evv,,,1,2626
vehicle_local_position.vxy_max,,,1,2626
vehicle_local_position.xy_valid,,,1,2626
vehicle_local_position.z_valid,,,1,2626
vehicle_local_position.v_xy_valid,,,1,2626
vehicle_local_position.v_z_valid,,,1,2626
vehicle_local_position.xy_reset_counter,,,1,2626
vehicle_local_position.z_reset_counter,,,1,2626
vehicle_local_position.vxy_reset_counter,,,1,2626
vehicle_local_position.vz_reset_counter,,,1,2626
vehicle_local_position.xy_global,,,1,2626
vehicle_local_position.z_global,,,1,2626
vehicle_local_position.dist_bottom_valid,,,1,2626
vehicle_local_position.limit_hagl,,,1,2626
vehicle_local_position_setpoint.x,,,1,2328
vehicle_local_position_setpoint.y,,,1,2328
vehicle_local_position_setpoint.z,,,1,2328
vehicle_local_position_setpoint.yaw,,,1,2328
vehicle_local_position_setpoint.vx,,,1,2328
vehicle_local_position_setpoint.vy,,,1,2328
vehicle_local_position_setpoint.vz,,,1,2328
vehicle_local_position_setpoint.acc_x,,,1,2328
vehicle_local_position_setpoint.acc_y,,,1,2328
vehicle_local_position_setpoint.acc_z,,,1,2328
vehicle_gps_position.time_utc_usec,,,1,1336
vehicle_gps_position.lat,,,1,1336
vehicle_gps_position.lon,,,1,1336
vehicle_gps_position.alt,,,1,1336
vehicle_gps_position.alt_ellipsoid,,,1,1336
vehicle_gps_position.s_variance_m_s,,,1,1336
vehicle_gps_position.c_variance_rad,,,1,1336
vehicle_gps_position.eph,,,1,1336
vehicle_gps_position.epv,,,1,1336
vehicle_gps_position.hdop,,,1,1336
vehicle_gps_position.vdop,,,1,1336
vehicle_gps_position.noise_per_ms,,,1,1336
vehicle_gps_position.jamming_indicator,,,1,1336
vehicle_gps_position.vel_m_s,,,1,1336
vehicle_gps_position.vel_n_m_s,,,1,1336
vehicle_gps_position.vel_e_m_s,,,1,1336
vehicle_gps_position.vel_d_m_s,,,1,1336
vehicle_gps_position.cog_rad,,,1,1336
vehicle_gps_position.fix_type,,,1,1336
vehicle_gps_position.vel_ned_valid,,,1,1336
vehicle_gps_position.satellites_used,,,1,1336
vehicle_global_position.lat,,,1,1321
vehicle_global_position.lon,,,1,1321
vehicle_global_position.alt,,,1,1321
vehicle_global_position.delta_alt,,,1,1321
vehicle_global_position.vel_n,,,1,1321
vehicle_global_position.vel_e,,,1,1321
vehicle_global_position.vel_d,,,1,1321
vehicle_global_position.yaw,,,1,1321
vehicle_global_position.eph,,,1,1321
vehicle_global_position.epv,,,1,1321
vehicle_global_position.terrain_alt,,,1,1321
vehicle_global_position.pressure_alt,,,1,1321
vehicle_global_position.lat_lon_reset_counter,,,1,1321
vehicle_global_position.alt_reset_counter,,,1,1321
vehicle_global_position.terrain_alt_valid,,,1,1321
vehicle_global_position.dead_reckoning,,,1,1321
estimator_status.states[0],,,1,1321
estimator_status.states[1],,,1,1321
estimator_status.states[2],,,1,1321
estimator_status.states[3],,,1,1321
estimator_status.states[4],,,1,1321
estimator_status.states[5],,,1,1321
estimator_status.states[6],,,1,1321
estimator_status.states[7],,,1,1321
estimator_status.states[8],,,1,1321
estimator_status.states[9],,,1,1321
estimator_status.states[10],,,1,1321
estimator_status.states[11],,,1,1321
estimator_status.states[12],,,1,1321
estimator_status.states[13],,,1,1321
estimator_status.states[14],,,1,1321
estimator_status.states[15],,,1,1321
estimator_status.states[16],,,1,1321
estimator_status.states[17],,,1,1321
estimator_status.states[18],,,1,1321
estimator_status.states[19],,,1,1321
estimator_status.states[20],,,1,1321
estimator_status.states[21],,,1,1321
estimator_status.states[22],,,1,1321
estimator_status.states[23],,,1,1321
estimator_status.n_states,,,1,1321
estimator_status.vibe[0],,,1,1321
estimator_status.vibe[1],,,1,1321
estimator_status.vibe[2],,,1,1321
estimator_status.covariances[0],,,1,1321
estimator_status.covariances[1],,,1,1321
estimator_status.covariances[2],,,1,1321
estimator_status.covariances[3],,,1,1321
estimator_status.covariances[4],,,1,1321
estimator_status.covariances[5],,,1,1321
estimator_status.covariances[6],,,1,1321
estimator_status.covariances[7],,,1,1321
estimator_status.covariances[8],,,1,1321
estimator_status.covariances[9],,,1,1321
estimator_status.covariances[10],,,1,1321
estimator_status.covariances[11],,,1,1321
estimator_status.covariances[12],,,1,1321
estimator_status.covariances[13],,,1,1321
estimator_status.covariances[14],,,1,1321
estimator_status.covariances[15],,,1,1321
estimator_status.covariances[16],,,1,1321
estimator_status.covariances[17],,,1,1321
estimator_status.covariances[18],,,1,1321
estimator_status.covariances[19],,,1,1321
estimator_status.covariances[20],,,1,1321
estimator_status.covariances[21],,,1,1321
estimator_status.covariances[22],,,1,1321
estimator_status.covariances[23],,,1,1321
estimator_status.control_mode_flags,,,1,1321
estimator_status.pos_horiz_accuracy,,,1,1321
estimator_status.pos_vert_accuracy,,,1,1321
estimator_status.mag_test_ratio,,,1,1321
estimator_status.vel_test_ratio,,,1,1321
estimator_status.pos_test_ratio,,,1,1321
estimator_status.hgt_test_ratio,,,1,1321
estimator_status.tas_test_ratio,,,1,1321
estimator_status.hagl_test_ratio,,,1,1321
estimator_status.beta_test_ratio,,,1,1321
estimator_status.time_slip,,,1,1321
estimator_status.gps_check_fail_flags,,,1,1321
estimator_status.filter_fault_flags,,,1,1321
estimator_status.innovation_check_flags,,,1,1321
estimator_status.solution_status_flags,,,1,1321
estimator_status.nan_flags,,,1,1321
estimator_status.health_flags,,,1,1321
estimator_status.timeout_flags,,,1,1321
estimator_status.pre_flt_fail,,,1,1321
ekf2_innovations.vel_pos_innov[0],,,1,1321
ekf2_innovations.vel_pos_innov[1],,,1,1321
ekf2_innovations.vel_pos_innov[2],,,1,1321
ekf2_innovations.vel_pos_innov[3],,,1,1321
ekf2_innovations.vel_pos_innov[4],,,1,1321
ekf2_innovations.vel_pos_innov[5],,,1,1321
ekf2_innovations.mag_innov[0],,,1,1321
ekf2_innovations.mag_innov[1],,,1,1321
ekf2_innovations.mag_innov[2],,,1,1321
ekf2_innovations.heading_innov,,,1,1321
ekf2_innovations.airspeed_innov,,,1,1321
ekf2_innovations.beta_innov,,,1,1321
ekf2_innovations.flow_innov[0],,,1,1321
ekf2_innovations.flow_innov[1],,,1,1321
ekf2_innovations.hagl_innov,,,1,1321
ekf2_innovations.vel_pos_innov_var[0],,,1,1321
ekf2_innovations.vel_pos_innov_var[1],,,1,1321
ekf2_innovations.vel_pos_innov_var[2],,,1,1321
ekf2_innovations.vel_pos_innov_var[3],,,1,1321
ekf2_innovations.vel_pos_innov_var[4],,,1,1321
ekf2_innovations.vel_pos_innov_var[5],,,1,1321
ekf2_innovations.mag_innov_var[0],,,1,1321
ekf2_innovations.mag_innov_var[1],,,1,1321
ekf2_innovations.mag_innov_var[2],,,1,1321
ekf2_innovations.heading_innov_var,,,1,1321
ekf2_innovations.airspeed_innov_var,,,1,1321
ekf2_innovations.beta_innov_var,,,1,1321
ekf2_innovations.flow_innov_var[0],,,1,1321
ekf2_innovations.flow_innov_var[1],,,1,1321
ekf2_innovations.hagl_innov_var,,,1,1321
ekf2_innovations.output_tracking_error[0],,,1,1321
ekf2_innovations.output_tracking_error[1],,,1,1321
ekf2_innovations.output_tracking_error[2],,,1,1321
ekf2_innovations.drag_innov[0],,,1,1321
ekf2_innovations.drag_innov[1],,,1,1321
ekf2_innovations.drag_innov_var[0],,,1,1321
ekf2_innovations.drag_innov_var[1],,,1,1321
ekf2_innovations.aux_vel_innov[0],,,1,1321
ekf2_innovations.aux_vel_innov[1],,,1,1321
manual_control_setpoint.x,,,1,1321
manual_control_setpoint.y,,,1,1321
manual_control_setpoint.z,,,1,1321
manual_control_setpoint.r,,,1,1321
manual_control_setpoint.flaps,,,1,1321
manual_control_setpoint.aux1,,,1,1321
manual_control_setpoint.aux2,,,1,1321
manual_control_setpoint.aux3,,,1,1321
manual_control_setpoint.aux4,,,1,1321
manual_control_setpoint.aux5,,,1,1321
manual_control_setpoint.mode_switch,,,1,1321
manual_control_setpoint.return_switch,,,1,1321
manual_control_setpoint.rattitude_switch,,,1,1321
manual_control_setpoint.posctl_switch,,,1,1321
manual_control_setpoint.loiter_switch,,,1,1321
manual_control_setpoint.acro_switch,,,1,1321
manual_control_setpoint.offboard_switch,,,1,1321
manual_control_setpoint.kill_switch,,,1,1321
manual_control_setpoint.arm_switch,,,1,1321
manual_control_setpoint.transition_switch,,,1,1321
manual_control_setpoint.gear_switch,,,1,1321
manual_control_setpoint.mode_slot,,,1,1321
manual_control_setpoint.data_source,,,1,1321
manual_control_setpoint.stab_switch,,,1,1321
manual_control_setpoint.man_switch,,,1,1321
input_rc.channel_count,,,1,1321
input_rc.rssi,,,1,1321
input_rc.rc_lost_frame_count,,,1,1321
input_rc.rc_total_frame_count,,,1,1321
input_rc.rc_ppm_frame_length,,,1,1321
input_rc.values[0],,,1,1321
input_rc.values[1],,,1,1321
input_rc.values[2],,,1,1321
input_rc.values[3],,,1,1321
input_rc.values[4],,,1,1321
input_rc.values[5],,,1,1321
input_rc.values[6],,,1,1321
input_rc.values[7],,,1,1321
input_rc.values[8],,,1,1321
input_rc.values[9],,,1,1321
input_rc.values[10],,,1,1321
input_rc.values[11],,,1,1321
input_rc.values[12],,,1,1321
input_rc.values[13],,,1,1321
input_rc.values[14],,,1,1321
input_rc.values[15],,,1,1321
input_rc.values[16],,,1,1321
input_rc.values[17],,,1,1321
input_rc.rc_failsafe,,,1,1321
input_rc.rc_lost,,,1,1321
input_rc.input_source,,,1,1321
system_power.voltage5V_v,,,1,533
system_power.voltage3V3_v,,,1,533
system_power.v3v3_valid,,,1,533
system_power.usb_connected,,,1,533
system_power.brick_valid,,,1,533
system_power.usb_valid,,,1,533
system_power.servo_valid,,,1,533
system_power.periph_5V_OC,,,1,533
system_power.hipower_5V_OC,,,1,533
battery_status.voltage_v,,,1,533
battery_status.voltage_filtered_v,,,1,533
battery_status.current_a,,,1,533
battery_status.current_filtered_a,,,1,533
battery_status.average_current_a,,,1,533
battery_status.discharged_mah,,,1,533
battery_status.remaining,,,1,533
battery_status.scale,,,1,533
battery_status.temperature,,,1,533
battery_status.cell_count,,,1,533
battery_status.capacity,,,1,533
battery_status.cycle_count,,,1,533
battery_status.run_time_to_empty,,,1,533
battery_status.average_time_to_empty,,,1,533
battery_status.serial_number,,,1,533
battery_status.connected,,,1,533
battery_status.system_source,,,1,533
battery_status.priority,,,1,533
battery_status.is_powering_off,,,1,533
battery_status.warning,,,1,533
vehicle_land_detected.alt_max,,,1,269
vehicle_land_detected.landed,,,1,269
vehicle_land_detected.freefall,,,1,269
vehicle_land_detected.ground_contact,,,1,269
vehicle_land_detected.maybe_landed,,,1,269
cpuload.load,,,1,268
cpuload.ram_usage,,,1,268
vehicle_status_flags.condition_calibration_enabled,,,1,268
vehicle_status_flags.condition_system_sensors_initialized,,,1,268
vehicle_status_flags.condition_system_prearm_error_reported,,,1,268
vehicle_status_flags.condition_system_hotplug_timeout,,,1,268
vehicle_status_flags.condition_system_returned_to_home,,,1,268
vehicle_status_flags.condition_auto_mission_available,,,1,268
vehicle_status_flags.condition_global_position_valid,,,1,268
vehicle_status_flags.condition_home_position_valid,,,1,268
vehicle_status_flags.condition_local_position_valid,,,1,268
vehicle_status_flags.condition_local_velocity_valid,,,1,268
vehicle_status_flags.condition_local_altitude_valid,,,1,268
vehicle_status_flags.condition_power_input_valid,,,1,268
vehicle_status_flags.circuit_breaker_engaged_power_check,,,1,268
vehicle_status_flags.circuit_breaker_engaged_airspd_check,,,1,268
vehicle_status_flags.circuit_breaker_engaged_enginefailure_check,,,1,268
vehicle_status_flags.circuit_breaker_engaged_gpsfailure_check,,,1,268
vehicle_status_flags.circuit_breaker_flight_termination_disabled,,,1,268
vehicle_status_flags.circuit_breaker_engaged_usb_check,,,1,268
vehicle_status_flags.circuit_breaker_engaged_posfailure_check,,,1,268
vehicle_status_flags.offboard_control_signal_found_once,,,1,268
vehicle_status_flags.offboard_control_signal_lost,,,1,268
vehicle_status_flags.offboard_control_set_by_command,,,1,268
vehicle_status_flags.offboard_control_loss_timeout,,,1,268
vehicle_status_flags.rc_signal_found_once,,,1,268
vehicle_status_flags.rc_input_blocked,,,1,268
vehicle_status_flags.vtol_transition_failure,,,1,268
vehicle_status_flags.usb_connected,,,1,268
vehicle_status.onboard_control_sensors_present,,,1,268
vehicle_status.onboard_control_sensors_enabled,,,1,268
vehicle_status.onboard_control_sensors_health,,,1,268
vehicle_status.nav_state,,,1,268
vehicle_status.arming_state,,,1,268
vehicle_status.hil_state,,,1,268
vehicle_status.failsafe,,,1,268
vehicle_status.system_type,,,1,268
vehicle_status.system_id,,,1,268
vehicle_status.component_id,,,1,268
vehicle_status.is_rotary_wing,,,1,268
vehicle_status.is_vtol,,,1,268
vehicle_status.vtol_fw_permanent_stab,,,1,268
vehicle_status.in_transition_mode,,,1,268
vehicle_status.in_transition_to_fw,,,1,268
vehicle_status.rc_signal_lost,,,1,268
vehicle_status.rc_input_mode,,,1,268
vehicle_status.data_link_lost,,,1,268
vehicle_status.data_link_lost_counter,,,1,268
vehicle_status.engine_failure,,,1,268
vehicle_status.mission_failure,,,1,268
telemetry_status.heartbeat_time,,,1,266
telemetry_status.telem_time,,,1,266
telemetry_status.rxerrors,,,1,266
telemetry_status.fixed,,,1,266
telemetry_status.type,,,1,266
telemetry_status.rssi,,,1,266
telemetry_status.remote_rssi,,,1,266
telemetry_status.noise,,,1,266
telemetry_status.remote_noise,,,1,266
telemetry_status.txbuf,,,1,266
telemetry_status.system_id,,,1,266
telemetry_status.component_id,,,1,266
sensor_preflight.accel_inconsistency_m_s_s,,,1,6
sensor_preflight.gyro_inconsistency_rad_s,,,1,6
sensor_preflight.mag_inconsistency_ga,,,1,6
home_position.lat,,,1,2
home_position.lon,,,1,2
home_position.alt,,,1,2
home_position.x,,,1,2
home_position.y,,,1,2
home_position.z,,,1,2
home_position.yaw,,,1,2
home_position.valid_alt,,,1,2
home_position.valid_hpos,,,1,2
home_position.manual_home,,,1,2
mc_virtual_rates_setpoint.roll,,,1,0
mc_virtual_rates_setpoint.pitch,,,1,0
mc_virtual_rates_setpoint.yaw,,,1,0
mc_virtual_rates_setpoint.thrust,,,1,0
mission.current_seq,,,1,0
mission.count,,,1,0
mission.dataman_id,,,1,0
fw_virtual_rates_setpoint.roll,,,1,0
fw_virtual_rates_setpoint.pitch,,,1,0
fw_virtual_rates_setpoint.yaw,,,1,0
fw_virtual_rates_setpoint.thrust,,,1,0
transponder_report.lat,,,1,0
transponder_report.lon,,,1,0
transponder_report.ICAO_address,,,1,0
transponder_report.altitude,,,1,0
transponder_report.heading,,,1,0
transponder_report.hor_velocity,,,1,0
transponder_report.ver_velocity,,,1,0
transponder_report.flags,,,1,0
transponder_report.squawk,,,1,0
transponder_report.altitude_type,,,1,0
transponder_report.callsign[0],,,0,0
transponder_report.callsign[1],,,0,0
transponder_report.callsign[2],,,0,0
transponder_report.callsign[3],,,0,0
transponder_report.callsign[4],,,0,0
transponder_report.callsign[5],,,0,0
transponder_report.callsign[6],,,0,0
transponder_report.callsign[7],,,0,0
transponder_report.callsign[8],,,0,0
transponder_report.emitter_type,,,1,0
transponder_report.tslc,,,1,0
fw_virtual_attitude_setpoint.roll_body,,,1,0
fw_virtual_attitude_setpoint.pitch_body,,,1,0
fw_virtual_attitude_setpoint.yaw_body,,,1,0
fw_virtual_attitude_setpoint.yaw_sp_move_rate,,,1,0
fw_virtual_attitude_setpoint.q_d[0],,,1,0
fw_virtual_attitude_setpoint.q_d[1],,,1,0
fw_virtual_attitude_setpoint.q_d[2],,,1,0
fw_virtual_attitude_setpoint.q_d[3],,,1,0
fw_virtual_attitude_setpoint.thrust,,,1,0
fw_virtual_attitude_setpoint.landing_gear,,,1,0
fw_virtual_attitude_setpoint.q_d_valid,,,1,0
fw_virtual_attitude_setpoint.roll_reset_integral,,,1,0
fw_virtual_attitude_setpoint.pitch_reset_integral,,,1,0
fw_virtual_attitude_setpoint.yaw_reset_integral,,,1,0
fw_virtual_attitude_setpoint.fw_control_yaw,,,1,0
fw_virtual_attitude_setpoint.disable_mc_yaw_control,,,1,0
fw_virtual_attitude_setpoint.apply_flaps,,,1,0
actuator_controls.control[0],,,1,0
actuator_controls.control[1],,,1,0
actuator_controls.control[2],,,1,0
actuator_controls.control[3],,,1,0
actuator_controls.control[4],,,1,0
actuator_controls.control[5],,,1,0
actuator_controls.control[6],,,1,0
actuator_controls.control[7],,,1,0
power_button_state.event,,,1,0
mount_orientation.attitude_euler_angle[0],,,1,0
mount_orientation.attitude_euler_angle[1],,,1,0
mount_orientation.attitude_euler_angle[2],,,1,0
subsystem_info.subsystem_type,,,1,0
subsystem_info.present,,,1,0
subsystem_info.enabled,,,1,0
subsystem_info.ok,,,1,0
uavcan_parameter_value.int_value,,,1,0
uavcan_parameter_value.real_value,,,1,0
uavcan_parameter_value.param_index,,,1,0
uavcan_parameter_value.param_count,,,1,0
uavcan_parameter_value.node_id,,,1,0
uavcan_parameter_value.param_id[0],,,1,0
uavcan_parameter_value.param_id[1],,,1,0
uavcan_parameter_value.param_id[2],,,1,0
uavcan_parameter_value.param_id[3],,,1,0
uavcan_parameter_value.param_id[4],,,1,0
uavcan_parameter_value.param_id[5],,,1,0
uavcan_parameter_value.param_id[6],,,1,0
uavcan_parameter_value.param_id[7],,,1,0
uavcan_parameter_value.param_id[8],,,1,0
uavcan_parameter_value.param_id[9],,,1,0
uavcan_parameter_value.param_id[10],,,1,0
uavcan_parameter_value.param_id[11],,,1,0
uavcan_parameter_value.param_id[12],,,1,0
uavcan_parameter_value.param_id[13],,,1,0
uavcan_parameter_value.param_id[14],,,1,0
uavcan_parameter_value.param_id[15],,,1,0
uavcan_parameter_value.param_id[16],,,1,0
uavcan_parameter_value.param_type,,,1,0
log_message.severity,,,0,0
log_message.text[0],,,0,0
log_message.text[1],,,0,0
log_message.text[2],,,0,0
log_message.text[3],,,0,0
log_message.text[4],,,0,0
log_message.text[5],,,0,0
log_message.text[6],,,0,0
log_message.text[7],,,0,0
log_message.text[8],,,0,0
log_message.text[9],,,0,0
log_message.text[10],,,0,0
log_message.text[11],,,0,0
log_message.text[12],,,0,0
log_message.text[13],,,0,0
log_message.text[14],,,0,0
log_message.text[15],,,0,0
log_message.text[16],,,0,0
log_message.text[17],,,0,0
log_message.text[18],,,0,0
log_message.text[19],,,0,0
log_message.text[20],,,0,0
log_message.text[21],,,0,0
log_message.text[22],,,0,0
log_message.text[23],,,0,0
log_message.text[24],,,0,0
log_message.text[25],,,0,0
log_message.text[26],,,0,0
log_message.text[27],,,0,0
log_message.text[28],,,0,0
log_message.text[29],,,0,0
log_message.text[30],,,0,0
log_message.text[31],,,0,0
log_message.text[32],,,0,0
log_message.text[33],,,0,0
log_message.text[34],,,0,0
log_message.text[35],,,0,0
log_message.text[36],,,0,0
log_message.text[37],,,0,0
log_message.text[38],,,0,0
log_message.text[39],,,0,0
log_message.text[40],,,0,0
log_message.text[41],,,0,0
log_message.text[42],,,0,0
log_message.text[43],,,0,0
log_message.text[44],,,0,0
log_message.text[45],,,0,0
log_message.text[46],,,0,0
log_message.text[47],,,0,0
log_message.text[48],,,0,0
log_message.text[49],,,0,0
log_message.text[50],,,0,0
log_message.text[51],,,0,0
log_message.text[52],,,0,0
log_message.text[53],,,0,0
log_message.text[54],,,0,0
log_message.text[55],,,0,0
log_message.text[56],,,0,0
log_message.text[57],,,0,0
log_message.text[58],,,0,0
log_message.text[59],,,0,0
log_message.text[60],,,0,0
log_message.text[61],,,0,0
log_message.text[62],,,0,0
log_message.text[63],,,0,0
log_message.text[64],,,0,0
log_message.text[65],,,0,0
log_message.text[66],,,0,0
log_message.text[67],,,0,0
log_message.text[68],,,0,0
log_message.text[69],,,0,0
log_message.text[70],,,0,0
log_message.text[71],,,0,0
log_message.text[72],,,0,0
log_message.text[73],,,0,0
log_message.text[74],,,0,0
log_message.text[75],,,0,0
log_message.text[76],,,0,0
log_message.text[77],,,0,0
log_message.text[78],,,0,0
log_message.text[79],,,0,0
log_message.text[80],,,0,0
log_message.text[81],,,0,0
log_message.text[82],,,0,0
log_message.text[83],,,0,0
log_message.text[84],,,0,0
log_message.text[85],,,0,0
log_message.text[86],,,0,0
log_message.text[87],,,0,0
log_message.text[88],,,0,0
log_message.text[89],,,0,0
log_message.text[90],,,0,0
log_message.text[91],,,0,0
log_message.text[92],,,0,0
log_message.text[93],,,0,0
log_message.text[94],,,0,0
log_message.text[95],,,0,0
log_message.text[96],,,0,0
log_message.text[97],,,0,0
log_message.text[98],,,0,0
log_message.text[99],,,0,0
log_message.text[100],,,0,0
log_message.text[101],,,0,0
log_message.text[102],,,0,0
log_message.text[103],,,0,0
log_message.text[104],,,0,0
log_message.text[105],,,0,0
log_message.text[106],,,0,0
log_message.text[107],,,0,0
log_message.text[108],,,0,0
log_message.text[109],,,0,0
log_message.text[110],,,0,0
log_message.text[111],,,0,0
log_message.text[112],,,0,0
log_message.text[113],,,0,0
log_message.text[114],,,0,0
log_message.text[115],,,0,0
log_message.text[116],,,0,0
log_message.text[117],,,0,0
log_message.text[118],,,0,0
log_message.text[119],,,0,0
log_message.text[120],,,0,0
log_message.text[121],,,0,0
log_message.text[122],,,0,0
log_message.text[123],,,0,0
log_message.text[124],,,0,0
log_message.text[125],,,0,0
log_message.text[126],,,0,0
actuator_controls_virtual_fw.control[0],,,1,0
actuator_controls_virtual_fw.control[1],,,1,0
actuator_controls_virtual_fw.control[2],,,1,0
actuator_controls_virtual_fw.control[3],,,1,0
actuator_controls_virtual_fw.control[4],,,1,0
actuator_controls_virtual_fw.control[5],,,1,0
actuator_controls_virtual_fw.control[6],,,1,0
actuator_controls_virtual_fw.control[7],,,1,0
esc_report.esc_errorcount,,,1,0
esc_report.esc_rpm,,,1,0
esc_report.esc_voltage,,,1,0
esc_report.esc_current,,,1,0
esc_report.esc_temperature,,,1,0
esc_report.esc_setpoint,,,1,0
esc_report.esc_setpoint_raw,,,1,0
esc_report.esc_address,,,1,0
esc_report.esc_version,,,1,0
esc_report.esc_state,,,1,0
esc_report.esc_vendor,,,1,0
test_motor.motor_number,,,1,0
test_motor.value,,,1,0
esc_status.counter,,,1,0
esc_status.esc_count,,,1,0
esc_status.esc_connectiontype,,,1,0
esc_status.esc[0],,,1,0
esc_status.esc[1],,,1,0
esc_status.esc[2],,,1,0
esc_status.esc[3],,,1,0
esc_status.esc[4],,,1,0
esc_status.esc[5],,,1,0
esc_status.esc[6],,,1,0
esc_status.esc[7],,,1,0
differential_pressure.error_count,,,1,0
differential_pressure.differential_pressure_raw_pa,,,1,0
differential_pressure.differential_pressure_filtered_pa,,,1,0
differential_pressure.temperature,,,1,0
differential_pressure.device_id,,,1,0
adc_report.channel_value[0],,,1,0
adc_report.channel_value[1],,,1,0
adc_report.channel_value[2],,,1,0
adc_report.channel_value[3],,,1,0
adc_report.channel_value[4],,,1,0
adc_report.channel_value[5],,,1,0
adc_report.channel_value[6],,,1,0
adc_report.channel_value[7],,,1,0
adc_report.channel_value[8],,,1,0
adc_report.channel_value[9],,,1,0
adc_report.channel_value[10],,,1,0
adc_report.channel_value[11],,,1,0
adc_report.channel_id[0],,,1,0
adc_report.channel_id[1],,,1,0
adc_report.channel_id[2],,,1,0
adc_report.channel_id[3],,,1,0
adc_report.channel_id[4],,,1,0
adc_report.channel_id[5],,,1,0
adc_report.channel_id[6],,,1,0
adc_report.channel_id[7],,,1,0
adc_report.channel_id[8],,,1,0
adc_report.channel_id[9],,,1,0
adc_report.channel_id[10],,,1,0
adc_report.channel_id[11],,,1,0
sensor_selection.accel_device_id,,,1,0
sensor_selection.baro_device_id,,,1,0
sensor_selection.gyro_device_id,,,1,0
sensor_selection.mag_device_id,,,1,0
rc_channels.channels[0],,,1,0
rc_channels.channels[1],,,1,0
rc_channels.channels[2],,,1,0
rc_channels.channels[3],,,1,0
rc_channels.channels[4],,,1,0
rc_channels.channels[5],,,1,0
rc_channels.channels[6],,,1,0
rc_channels.channels[7],,,1,0
rc_channels.channels[8],,,1,0
rc_channels.channels[9],,,1,0
rc_channels.channels[10],,,1,0
rc_channels.channels[11],,,1,0
rc_channels.channels[12],,,1,0
rc_channels.channels[13],,,1,0
rc_channels.channels[14],,,1,0
rc_channels.channels[15],,,1,0
rc_channels.channels[16],,,1,0
rc_channels.channels[17],,,1,0
rc_channels.frame_drop_count,,,1,0
rc_channels.channel_count,,,1,0
rc_channels.function[0],,,1,0
rc_channels.function[1],,,1,0
rc_channels.function[2],,,1,0
rc_channels.function[3],,,1,0
rc_channels.function[4],,,1,0
rc_channels.function[5],,,1,0
rc_channels.function[6],,,1,0
rc_channels.function[7],,,1,0
rc_channels.function[8],,,1,0
rc_channels.function[9],,,1,0
rc_channels.function[10],,,1,0
rc_channels.function[11],,,1,0
rc_channels.function[12],,,1,0
rc_channels.function[13],,,1,0
rc_channels.function[14],,,1,0
rc_channels.function[15],,,1,0
rc_channels.function[16],,,1,0
rc_channels.function[17],,,1,0
rc_channels.function[18],,,1,0
rc_channels.function[19],,,1,0
rc_channels.function[20],,,1,0
rc_channels.function[21],,,1,0
rc_channels.function[22],,,1,0
rc_channels.function[23],,,1,0
rc_channels.function[24],,,1,0
rc_channels.function[25],,,1,0
rc_channels.rssi,,,1,0
rc_channels.signal_lost,,,1,0
sensor_bias.gyro_x,,,1,0
sensor_bias.gyro_y,,,1,0
sensor_bias.gyro_z,,,1,0
sensor_bias.accel_x,,,1,0
sensor_bias.accel_y,,,1,0
sensor_bias.accel_z,,,1,0
sensor_bias.mag_x,,,1,0
sensor_bias.mag_y,,,1,0
sensor_bias.mag_z,,,1,0
sensor_bias.gyro_x_bias,,,1,0
sensor_bias.gyro_y_bias,,,1,0
sensor_bias.gyro_z_bias,,,1,0
sensor_bias.accel_x_bias,,,1,0
sensor_bias.accel_y_bias,,,1,0
sensor_bias.accel_z_bias,,,1,0
sensor_bias.mag_x_bias,,,1,0
sensor_bias.mag_y_bias,,,1,0
sensor_bias.mag_z_bias,,,1,0
vehicle_command.param5,,,1,0
vehicle_command.param6,,,1,0
vehicle_command.param1,,,1,0
vehicle_command.param2,,,1,0
vehicle_command.param3,,,1,0
vehicle_command.param4,,,1,0
vehicle_command.param7,,,1,0
vehicle_command.command,,,1,0
vehicle_command.target_system,,,1,0
vehicle_command.target_component,,,1,0
vehicle_command.source_system,,,1,0
vehicle_command.source_component,,,1,0
vehicle_command.confirmation,,,1,0
vehicle_command.from_external,,,1,0
camera_capture.lat,,,1,0
camera_capture.lon,,,1,0
camera_capture.seq,,,1,0
camera_capture.alt,,,1,0
camera_capture.ground_distance,,,1,0
camera_capture.q[0],,,1,0
camera_capture.q[1],,,1,0
camera_capture.q[2],,,1,0
camera_capture.q[3],,,1,0
camera_capture.result,,,1,0
obstacle_distance.distances[0],,,1,0
obstacle_distance.distances[1],,,1,0
obstacle_distance.distances[2],,,1,0
obstacle_distance.distances[3],,,1,0
obstacle_distance.distances[4],,,1,0
obstacle_distance.distances[5],,,1,0
obstacle_distance.distances[6],,,1,0
obstacle_distance.distances[7],,,1,0
obstacle_distance.distances[8],,,1,0
obstacle_distance.distances[9],,,1,0
obstacle_distance.distances[10],,,1,0
obstacle_distance.distances[11],,,1,0
obstacle_distance.distances[12],,,1,0
obstacle_distance.distances[13],,,1,0
obstacle_distance.distances[14],,,1,0
obstacle_distance.distances[15],,,1,0
obstacle_distance.distances[16],,,1,0
obstacle_distance.distances[17],,,1,0
obstacle_distance.distances[18],,,1,0
obstacle_distance.distances[19],,,1,0
obstacle_distance.distances[20],,,1,0
obstacle_distance.distances[21],,,1,0
obstacle_distance.distances[22],,,1,0
obstacle_distance.distances[23],,,1,0
obstacle_distance.distances[24],,,1,0
obstacle_distance.distances[25],,,1,0
obstacle_distance.distances[26],,,1,0
obstacle_distance.distances[27],,,1,0
obstacle_distance.distances[28],,,1,0
obstacle_distance.distances[29],,,1,0
obstacle_distance.distances[30],,,1,0
obstacle_distance.distances[31],,,1,0
obstacle_distance.distances[32],,,1,0
obstacle_distance.distances[33],,,1,0
obstacle_distance.distances[34],,,1,0
obstacle_distance.distances[35],,,1,0
obstacle_distance.distances[36],,,1,0
obstacle_distance.distances[37],,,1,0
obstacle_distance.distances[38],,,1,0
obstacle_distance.distances[39],,,1,0
obstacle_distance.distances[40],,,1,0
obstacle_distance.distances[41],,,1,0
obstacle_distance.distances[42],,,1,0
obstacle_distance.distances[43],,,1,0
obstacle_distance.distances[44],,,1,0
obstacle_distance.distances[45],,,1,0
obstacle_distance.distances[46],,,1,0
obstacle_distance.distances[47],,,1,0
obstacle_distance.distances[48],,,1,0
obstacle_distance.distances[49],,,1,0
obstacle_distance.distances[50],,,1,0
obstacle_distance.distances[51],,,1,0
obstacle_distance.distances[52],,,1,0
obstacle_distance.distances[53],,,1,0
obstacle_distance.distances[54],,,1,0
obstacle_distance.distances[55],,,1,0
obstacle_distance.distances[56],,,1,0
obstacle_distance.distances[57],,,1,0
obstacle_distance.distances[58],,,1,0
obstacle_distance.distances[59],,,1,0
obstacle_distance.distances[60],,,1,0
obstacle_distance.distances[61],,,1,0
obstacle_distance.distances[62],,,1,0
obstacle_distance.distances[63],,,1,0
obstacle_distance.distances[64],,,1,0
obstacle_distance.distances[65],,,1,0
obstacle_distance.distances[66],,,1,0
obstacle_distance.distances[67],,,1,0
obstacle_distance.distances[68],,,1,0
obstacle_distance.distances[69],,,1,0
obstacle_distance.distances[70],,,1,0
obstacle_distance.distances[71],,,1,0
obstacle_distance.min_distance,,,1,0
obstacle_distance.max_distance,,,1,0
obstacle_distance.sensor_type,,,1,0
obstacle_distance.increment,,,1,0
debug_key_value.value,,,1,0
debug_key_value.key[0],,,1,0
debug_key_value.key[1],,,1,0
debug_key_value.key[2],,,1,0
debug_key_value.key[3],,,1,0
debug_key_value.key[4],,,1,0
debug_key_value.key[5],,,1,0
debug_key_value.key[6],,,1,0
debug_key_value.key[7],,,1,0
debug_key_value.key[8],,,1,0
debug_key_value.key[9],,,1,0
airspeed.indicated_airspeed_m_s,,,1,0
airspeed.true_airspeed_m_s,,,1,0
airspeed.true_airspeed_unfiltered_m_s,,,1,0
airspeed.air_temperature_celsius,,,1,0
airspeed.confidence,,,1,0
actuator_controls_1.control[0],,,1,0
actuator_controls_1.control[1],,,1,0
actuator_controls_1.control[2],,,1,0
actuator_controls_1.control[3],,,1,0
actuator_controls_1.control[4],,,1,0
actuator_controls_1.control[5],,,1,0
actuator_controls_1.control[6],,,1,0
actuator_controls_1.control[7],,,1,0
actuator_controls_2.control[0],,,1,0
actuator_controls_2.control[1],,,1,0
actuator_controls_2.control[2],,,1,0
actuator_controls_2.control[3],,,1,0
actuator_controls_2.control[4],,,1,0
actuator_controls_2.control[5],,,1,0
actuator_controls_2.control[6],,,1,0
actuator_controls_2.control[7],,,1,0
actuator_controls_3.control[0],,,1,0
actuator_controls_3.control[1],,,1,0
actuator_controls_3.control[2],,,1,0
actuator_controls_3.control[3],,,1,0
actuator_controls_3.control[4],,,1,0
actuator_controls_3.control[5],,,1,0
actuator_controls_3.control[6],,,1,0
actuator_controls_3.control[7],,,1,0
camera_trigger.seq,,,1,0
landing_target_pose.x_rel,,,1,0
landing_target_pose.y_rel,,,1,0
landing_target_pose.z_rel,,,1,0
landing_target_pose.vx_rel,,,1,0
landing_target_pose.vy_rel,,,1,0
landing_target_pose.cov_x_rel,,,1,0
landing_target_pose.cov_y_rel,,,1,0
landing_target_pose.cov_vx_rel,,,1,0
landing_target_pose.cov_vy_rel,,,1,0
landing_target_pose.x_abs,,,1,0
landing_target_pose.y_abs,,,1,0
landing_target_pose.z_abs,,,1,0
landing_target_pose.is_static,,,1,0
landing_target_pose.rel_pos_valid,,,1,0
landing_target_pose.rel_vel_valid,,,1,0
landing_target_pose.abs_pos_valid,,,1,0
multirotor_motor_limits.saturation_status,,,1,0
sensor_accel.integral_dt,,,1,0
sensor_accel.error_count,,,1,0
sensor_accel.x,,,1,0
sensor_accel.y,,,1,0
sensor_accel.z,,,1,0
sensor_accel.x_integral,,,1,0
sensor_accel.y_integral,,,1,0
sensor_accel.z_integral,,,1,0
sensor_accel.temperature,,,1,0
sensor_accel.range_m_s2,,,1,0
sensor_accel.scaling,,,1,0
sensor_accel.device_id,,,1,0
sensor_accel.x_raw,,,1,0
sensor_accel.y_raw,,,1,0
sensor_accel.z_raw,,,1,0
sensor_accel.temperature_raw,,,1,0
debug_value.value,,,1,0
debug_value.ind,,,1,0
servorail_status.voltage_v,,,1,0
servorail_status.rssi_v,,,1,0
actuator_armed.armed_time_ms,,,1,0
actuator_armed.armed,,,1,0
actuator_armed.prearmed,,,1,0
actuator_armed.ready_to_arm,,,1,0
actuator_armed.lockdown,,,1,0
actuator_armed.manual_lockdown,,,1,0
actuator_armed.force_failsafe,,,1,0
actuator_armed.in_esc_calibration_mode,,,1,0
actuator_armed.soft_stop,,,1,0
vehicle_command_ack.result_param2,,,1,0
vehicle_command_ack.command,,,1,0
vehicle_command_ack.result,,,1,0
vehicle_command_ack.from_external,,,1,0
vehicle_command_ack.result_param1,,,1,0
vehicle_command_ack.target_system,,,1,0
vehicle_command_ack.target_component,,,1,0
vehicle_global_position_groundtruth.lat,,,1,0
vehicle_global_position_groundtruth.lon,,,1,0
vehicle_global_position_groundtruth.alt,,,1,0
vehicle_global_position_groundtruth.delta_alt,,,1,0
vehicle_global_position_groundtruth.vel_n,,,1,0
vehicle_global_position_groundtruth.vel_e,,,1,0
vehicle_global_position_groundtruth.vel_d,,,1,0
vehicle_global_position_groundtruth.yaw,,,1,0
vehicle_global_position_groundtruth.eph,,,1,0
vehicle_global_position_groundtruth.epv,,,1,0
vehicle_global_position_groundtruth.terrain_alt,,,1,0
vehicle_global_position_groundtruth.pressure_alt,,,1,0
vehicle_global_position_groundtruth.lat_lon_reset_counter,,,1,0
vehicle_global_position_groundtruth.alt_reset_counter,,,1,0
vehicle_global_position_groundtruth.terrain_alt_valid,,,1,0
vehicle_global_position_groundtruth.dead_reckoning,,,1,0
position_setpoint_triplet.previous,,,1,0
position_setpoint_triplet.current,,,1,0
position_setpoint_triplet.next,,,1,0
vehicle_control_mode.flag_armed,,,1,0
vehicle_control_mode.flag_external_manual_override_ok,,,1,0
vehicle_control_mode.flag_system_hil_enabled,,,1,0
vehicle_control_mode.flag_control_manual_enabled,,,1,0
vehicle_control_mode.flag_control_auto_enabled,,,1,0
vehicle_control_mode.flag_control_offboard_enabled,,,1,0
vehicle_control_mode.flag_control_rates_enabled,,,1,0
vehicle_control_mode.flag_control_attitude_enabled,,,1,0
vehicle_control_mode.flag_control_rattitude_enabled,,,1,0
vehicle_control_mode.flag_control_force_enabled,,,1,0
vehicle_control_mode.flag_control_acceleration_enabled,,,1,0
vehicle_control_mode.flag_control_velocity_enabled,,,1,0
vehicle_control_mode.flag_control_position_enabled,,,1,0
vehicle_control_mode.flag_control_altitude_enabled,,,1,0
vehicle_control_mode.flag_control_climb_rate_enabled,,,1,0
vehicle_control_mode.flag_control_termination_enabled,,,1,0
vehicle_control_mode.flag_control_fixed_hdg_enabled,,,1,0
landing_target_innovations.innov_x,,,1,0
landing_target_innovations.innov_y,,,1,0
landing_target_innovations.innov_cov_x,,,1,0
landing_target_innovations.innov_cov_y,,,1,0
task_stack_info.stack_free,,,1,0
task_stack_info.task_name[0],,,0,0
task_stack_info.task_name[1],,,0,0
task_stack_info.task_name[2],,,0,0
task_stack_info.task_name[3],,,0,0
task_stack_info.task_name[4],,,0,0
task_stack_info.task_name[5],,,0,0
task_stack_info.task_name[6],,,0,0
task_stack_info.task_name[7],,,0,0
task_stack_info.task_name[8],,,0,0
task_stack_info.task_name[9],,,0,0
task_stack_info.task_name[10],,,0,0
task_stack_info.task_name[11],,,0,0
task_stack_info.task_name[12],,,0,0
task_stack_info.task_name[13],,,0,0
task_stack_info.task_name[14],,,0,0
task_stack_info.task_name[15],,,0,0
vehicle_local_position_groundtruth.ref_lat,,,1,0
vehicle_local_position_groundtruth.ref_lon,,,1,0
vehicle_local_position_groundtruth.x,,,1,0
vehicle_local_position_groundtruth.y,,,1,0
vehicle_local_position_groundtruth.z,,,1,0
vehicle_local_position_groundtruth.delta_xy[0],,,1,0
vehicle_local_position_groundtruth.delta_xy[1],,,1,0
vehicle_local_position_groundtruth.delta_z,,,1,0
vehicle_local_position_groundtruth.vx,,,1,0
vehicle_local_position_groundtruth.vy,,,1,0
vehicle_local_position_groundtruth.vz,,,1,0
vehicle_local_position_groundtruth.z_deriv,,,1,0
vehicle_local_position_groundtruth.delta_vxy[0],,,1,0
vehicle_local_position_groundtruth.delta_vxy[1],,,1,0
vehicle_local_position_groundtruth.delta_vz,,,1,0
vehicle_local_position_groundtruth.ax,,,1,0
vehicle_local_position_groundtruth.ay,,,1,0
vehicle_local_position_groundtruth.az,,,1,0
vehicle_local_position_groundtruth.yaw,,,1,0
vehicle_local_position_groundtruth.ref_alt,,,1,0
vehicle_local_position_groundtruth.dist_bottom,,,1,0
vehicle_local_position_groundtruth.dist_bottom_rate,,,1,0
vehicle_local_position_groundtruth.eph,,,1,0
vehicle_local_position_groundtruth.epv,,,1,0
vehicle_local_position_groundtruth.evh,,,1,0
vehicle_local_position_groundtruth.evv,,,1,0
vehicle_local_position_groundtruth.vxy_max,,,1,0
vehicle_local_position_groundtruth.xy_valid,,,1,0
vehicle_local_position_groundtruth.z_valid,,,1,0
vehicle_local_position_groundtruth.v_xy_valid,,,1,0
vehicle_local_position_groundtruth.v_z_valid,,,1,0
vehicle_local_position_groundtruth.xy_reset_counter,,,1,0
vehicle_local_position_groundtruth.z_reset_counter,,,1,0
vehicle_local_position_groundtruth.vxy_reset_counter,,,1,0
vehicle_local_position_groundtruth.vz_reset_counter,,,1,0
vehicle_local_position_groundtruth.xy_global,,,1,0
vehicle_local_position_groundtruth.z_global,,,1,0
vehicle_local_position_groundtruth.dist_bottom_valid,,,1,0
vehicle_local_position_groundtruth.limit_hagl,,,1,0
wind_estimate.windspeed_north,,,1,0
wind_estimate.windspeed_east,,,1,0
wind_estimate.variance_north,,,1,0
wind_estimate.variance_east,,,1,0
tecs_status.altitudeSp,,,1,0
tecs_status.altitude_filtered,,,1,0
tecs_status.flightPathAngleSp,,,1,0
tecs_status.flightPathAngle,,,1,0
tecs_status.airspeedSp,,,1,0
tecs_status.airspeed_filtered,,,1,0
tecs_status.airspeedDerivativeSp,,,1,0
tecs_status.airspeedDerivative,,,1,0
tecs_status.totalEnergyError,,,1,0
tecs_status.energyDistributionError,,,1,0
tecs_status.totalEnergyRateError,,,1,0
tecs_status.energyDistributionRateError,,,1,0
tecs_status.throttle_integ,,,1,0
tecs_status.pitch_integ,,,1,0
tecs_status.mode,,,1,0
sensor_correction.gyro_offset_0[0],,,1,0
sensor_correction.gyro_offset_0[1],,,1,0
sensor_correction.gyro_offset_0[2],,,1,0
sensor_correction.gyro_scale_0[0],,,1,0
sensor_correction.gyro_scale_0[1],,,1,0
sensor_correction.gyro_scale_0[2],,,1,0
sensor_correction.gyro_offset_1[0],,,1,0
sensor_correction.gyro_offset_1[1],,,1,0
sensor_correction.gyro_offset_1[2],,,1,0
sensor_correction.gyro_scale_1[0],,,1,0
sensor_correction.gyro_scale_1[1],,,1,0
sensor_correction.gyro_scale_1[2],,,1,0
sensor_correction.gyro_offset_2[0],,,1,0
sensor_correction.gyro_offset_2[1],,,1,0
sensor_correction.gyro_offset_2[2],,,1,0
sensor_correction.gyro_scale_2[0],,,1,0
sensor_correction.gyro_scale_2[1],,,1,0
sensor_correction.gyro_scale_2[2],,,1,0
sensor_correction.accel_offset_0[0],,,1,0
sensor_correction.accel_offset_0[1],,,1,0
sensor_correction.accel_offset_0[2],,,1,0
sensor_correction.accel_scale_0[0],,,1,0
sensor_correction.accel_scale_0[1],,,1,0
sensor_correction.accel_scale_0[2],,,1,0
sensor_correction.accel_offset_1[0],,,1,0
sensor_correction.accel_offset_1[1],,,1,0
sensor_correction.accel_offset_1[2],,,1,0
sensor_correction.accel_scale_1[0],,,1,0
sensor_correction.accel_scale_1[1],,,1,0
sensor_correction.accel_scale_1[2],,,1,0
sensor_correction.accel_offset_2[0],,,1,0
sensor_correction.accel_offset_2[1],,,1,0
sensor_correction.accel_offset_2[2],,,1,0
sensor_correction.accel_scale_2[0],,,1,0
sensor_correction.accel_scale_2[1],,,1,0
sensor_correction.accel_scale_2[2],,,1,0
sensor_correction.baro_offset_0,,,1,0
sensor_correction.baro_scale_0,,,1,0
sensor_correction.baro_offset_1,,,1,0
sensor_correction.baro_scale_1,,,1,0
sensor_correction.baro_offset_2,,,1,0
sensor_correction.baro_scale_2,,,1,0
sensor_correction.selected_gyro_instance,,,1,0
sensor_correction.selected_accel_instance,,,1,0
sensor_correction.selected_baro_instance,,,1,0
sensor_correction.gyro_mapping[0],,,1,0
sensor_correction.gyro_mapping[1],,,1,0
sensor_correction.gyro_mapping[2],,,1,0
sensor_correction.accel_mapping[0],,,1,0
sensor_correction.accel_mapping[1],,,1,0
sensor_correction.accel_mapping[2],,,1,0
sensor_correction.baro_mapping[0],,,1,0
sensor_correction.baro_mapping[1],,,1,0
sensor_correction.baro_mapping[2],,,1,0
optical_flow.pixel_flow_x_integral,,,1,0
optical_flow.pixel_flow_y_integral,,,1,0
optical_flow.gyro_x_rate_integral,,,1,0
optical_flow.gyro_y_rate_integral,,,1,0
optical_flow.gyro_z_rate_integral,,,1,0
optical_flow.ground_distance_m,,,1,0
optical_flow.integration_timespan,,,1,0
optical_flow.time_since_last_sonar_update,,,1,0
optical_flow.frame_count_since_last_readout,,,1,0
optical_flow.gyro_temperature,,,1,0
optical_flow.sensor_id,,,1,0
optical_flow.quality,,,1,0
pwm_input.error_count,,,1,0
pwm_input.pulse_width,,,1,0
pwm_input.period,,,1,0
position_setpoint.lat,,,1,0
position_setpoint.lon,,,1,0
position_setpoint.x,,,1,0
position_setpoint.y,,,1,0
position_setpoint.z,,,1,0
position_setpoint.vx,,,1,0
position_setpoint.vy,,,1,0
position_setpoint.vz,,,1,0
position_setpoint.alt,,,1,0
position_setpoint.yaw,,,1,0
position_setpoint.yawspeed,,,1,0
position_setpoint.loiter_radius,,,1,0
position_setpoint.pitch_min,,,1,0
position_setpoint.a_x,,,1,0
position_setpoint.a_y,,,1,0
position_setpoint.a_z,,,1,0
position_setpoint.acceptance_radius,,,1,0
position_setpoint.cruising_speed,,,1,0
position_setpoint.cruising_throttle,,,1,0
position_setpoint.valid,,,1,0
position_setpoint.type,,,1,0
position_setpoint.position_valid,,,1,0
position_setpoint.velocity_valid,,,1,0
position_setpoint.velocity_frame,,,1,0
position_setpoint.alt_valid,,,1,0
position_setpoint.yaw_valid,,,1,0
position_setpoint.yawspeed_valid,,,1,0
position_setpoint.loiter_direction,,,1,0
position_setpoint.acceleration_valid,,,1,0
position_setpoint.acceleration_is_force,,,1,0
irlock_report.pos_x,,,1,0
irlock_report.pos_y,,,1,0
irlock_report.size_x,,,1,0
irlock_report.size_y,,,1,0
irlock_report.signature,,,1,0
collision_report.id,,,1,0
collision_report.time_to_minimum_delta,,,1,0
collision_report.altitude_minimum_delta,,,1,0
collision_report.horizontal_minimum_delta,,,1,0
collision_report.src,,,1,0
collision_report.action,,,1,0
collision_report.threat_level,,,1,0
led_control.led_mask,,,1,0
led_control.color,,,1,0
led_control.mode,,,1,0
led_control.num_blinks,,,1,0
led_control.priority,,,1,0
vehicle_vision_attitude.rollspeed,,,1,0
vehicle_vision_attitude.pitchspeed,,,1,0
vehicle_vision_attitude.yawspeed,,,1,0
vehicle_vision_attitude.q[0],,,1,0
vehicle_vision_attitude.q[1],,,1,0
vehicle_vision_attitude.q[2],,,1,0
vehicle_vision_attitude.q[3],,,1,0
vehicle_vision_attitude.delta_q_reset[0],,,1,0
vehicle_vision_attitude.delta_q_reset[1],,,1,0
vehicle_vision_attitude.delta_q_reset[2],,,1,0
vehicle_vision_attitude.delta_q_reset[3],,,1,0
vehicle_vision_attitude.quat_reset_counter,,,1,0
uavcan_parameter_request.int_value,,,1,0
uavcan_parameter_request.real_value,,,1,0
uavcan_parameter_request.param_index,,,1,0
uavcan_parameter_request.message_type,,,1,0
uavcan_parameter_request.node_id,,,1,0
uavcan_parameter_request.param_id[0],,,1,0
uavcan_parameter_request.param_id[1],,,1,0
uavcan_parameter_request.param_id[2],,,1,0
uavcan_parameter_request.param_id[3],,,1,0
uavcan_parameter_request.param_id[4],,,1,0
uavcan_parameter_request.param_id[5],,,1,0
uavcan_parameter_request.param_id[6],,,1,0
uavcan_parameter_request.param_id[7],,,1,0
uavcan_parameter_request.param_id[8],,,1,0
uavcan_parameter_request.param_id[9],,,1,0
uavcan_parameter_request.param_id[10],,,1,0
uavcan_parameter_request.param_id[11],,,1,0
uavcan_parameter_request.param_id[12],,,1,0
uavcan_parameter_request.param_id[13],,,1,0
uavcan_parameter_request.param_id[14],,,1,0
uavcan_parameter_request.param_id[15],,,1,0
uavcan_parameter_request.param_id[16],,,1,0
uavcan_parameter_request.param_type,,,1,0
rc_parameter_map.param_index[0],,,0,0
rc_parameter_map.param_index[1],,,0,0
rc_parameter_map.param_index[2],,,0,0
rc_parameter_map.scale[0],,,0,0
rc_parameter_map.scale[1],,,0,0
rc_parameter_map.scale[2],,,0,0
rc_parameter_map.value0[0],,,0,0
rc_parameter_map.value0[1],,,0,0
rc_parameter_map.value0[2],,,0,0
rc_parameter_map.value_min[0],,,0,0
rc_parameter_map.value_min[1],,,0,0
rc_parameter_map.value_min[2],,,0,0
rc_parameter_map.value_max[0],,,0,0
rc_parameter_map.value_max[1],,,0,0
rc_parameter_map.value_max[2],,,0,0
rc_parameter_map.valid[0],,,0,0
rc_parameter_map.valid[1],,,0,0
rc_parameter_map.valid[2],,,0,0
rc_parameter_map.param_id[0],,,0,0
rc_parameter_map.param_id[1],,,0,0
rc_parameter_map.param_id[2],,,0,0
rc_parameter_map.param_id[3],,,0,0
rc_parameter_map.param_id[4],,,0,0
rc_parameter_map.param_id[5],,,0,0
rc_parameter_map.param_id[6],,,0,0
rc_parameter_map.param_id[7],,,0,0
rc_parameter_map.param_id[8],,,0,0
rc_parameter_map.param_id[9],,,0,0
rc_parameter_map.param_id[10],,,0,0
rc_parameter_map.param_id[11],,,0,0
rc_parameter_map.param_id[12],,,0,0
rc_parameter_map.param_id[13],,,0,0
rc_parameter_map.param_id[14],,,0,0
rc_parameter_map.param_id[15],,,0,0
rc_parameter_map.param_id[16],,,0,0
rc_parameter_map.param_id[17],,,0,0
rc_parameter_map.param_id[18],,,0,0
rc_parameter_map.param_id[19],,,0,0
rc_parameter_map.param_id[20],,,0,0
rc_parameter_map.param_id[21],,,0,0
rc_parameter_map.param_id[22],,,0,0
rc_parameter_map.param_id[23],,,0,0
rc_parameter_map.param_id[24],,,0,0
rc_parameter_map.param_id[25],,,0,0
rc_parameter_map.param_id[26],,,0,0
rc_parameter_map.param_id[27],,,0,0
rc_parameter_map.param_id[28],,,0,0
rc_parameter_map.param_id[29],,,0,0
rc_parameter_map.param_id[30],,,0,0
rc_parameter_map.param_id[31],,,0,0
rc_parameter_map.param_id[32],,,0,0
rc_parameter_map.param_id[33],,,0,0
rc_parameter_map.param_id[34],,,0,0
rc_parameter_map.param_id[35],,,0,0
rc_parameter_map.param_id[36],,,0,0
rc_parameter_map.param_id[37],,,0,0
rc_parameter_map.param_id[38],,,0,0
rc_parameter_map.param_id[39],,,0,0
rc_parameter_map.param_id[40],,,0,0
rc_parameter_map.param_id[41],,,0,0
rc_parameter_map.param_id[42],,,0,0
rc_parameter_map.param_id[43],,,0,0
rc_parameter_map.param_id[44],,,0,0
rc_parameter_map.param_id[45],,,0,0
rc_parameter_map.param_id[46],,,0,0
rc_parameter_map.param_id[47],,,0,0
rc_parameter_map.param_id[48],,,0,0
rc_parameter_map.param_id[49],,,0,0
rc_parameter_map.param_id[50],,,0,0
parameter_update.instance,,,1,0
geofence_result.geofence_violated,,,1,0
geofence_result.geofence_action,,,1,0
geofence_result.home_required,,,1,0
att_pos_mocap.id,,,1,0
att_pos_mocap.q[0],,,1,0
att_pos_mocap.q[1],,,1,0
att_pos_mocap.q[2],,,1,0
att_pos_mocap.q[3],,,1,0
att_pos_mocap.x,,,1,0
att_pos_mocap.y,,,1,0
att_pos_mocap.z,,,1,0
time_offset.offset_ns,,,1,0
mission_result.instance_count,,,1,0
mission_result.seq_reached,,,1,0
mission_result.seq_current,,,1,0
mission_result.seq_total,,,1,0
mission_result.item_changed_index,,,1,0
mission_result.item_do_jump_remaining,,,1,0
mission_result.valid,,,1,0
mission_result.warning,,,1,0
mission_result.finished,,,1,0
mission_result.failure,,,1,0
mission_result.stay_in_failsafe,,,1,0
mission_result.flight_termination,,,1,0
mission_result.item_do_jump_changed,,,1,0
satellite_info.count,,,1,0
satellite_info.svid[0],,,1,0
satellite_info.svid[1],,,1,0
satellite_info.svid[2],,,1,0
satellite_info.svid[3],,,1,0
satellite_info.svid[4],,,1,0
satellite_info.svid[5],,,1,0
satellite_info.svid[6],,,1,0
satellite_info.svid[7],,,1,0
satellite_info.svid[8],,,1,0
satellite_info.svid[9],,,1,0
satellite_info.svid[10],,,1,0
satellite_info.svid[11],,,1,0
satellite_info.svid[12],,,1,0
satellite_info.svid[13],,,1,0
satellite_info.svid[14],,,1,0
satellite_info.svid[15],,,1,0
satellite_info.svid[16],,,1,0
satellite_info.svid[17],,,1,0
satellite_info.svid[18],,,1,0
satellite_info.svid[19],,,1,0
satellite_info.used[0],,,1,0
satellite_info.used[1],,,1,0
satellite_info.used[2],,,1,0
satellite_info.used[3],,,1,0
satellite_info.used[4],,,1,0
satellite_info.used[5],,,1,0
satellite_info.used[6],,,1,0
satellite_info.used[7],,,1,0
satellite_info.used[8],,,1,0
satellite_info.used[9],,,1,0
satellite_info.used[10],,,1,0
satellite_info.used[11],,,1,0
satellite_info.used[12],,,1,0
satellite_info.used[13],,,1,0
satellite_info.used[14],,,1,0
satellite_info.used[15],,,1,0
satellite_info.used[16],,,1,0
satellite_info.used[17],,,1,0
satellite_info.used[18],,,1,0
satellite_info.used[19],,,1,0
satellite_info.elevation[0],,,1,0
satellite_info.elevation[1],,,1,0
satellite_info.elevation[2],,,1,0
satellite_info.elevation[3],,,1,0
satellite_info.elevation[4],,,1,0
satellite_info.elevation[5],,,1,0
satellite_info.elevation[6],,,1,0
satellite_info.elevation[7],,,1,0
satellite_info.elevation[8],,,1,0
satellite_info.elevation[9],,,1,0
satellite_info.elevation[10],,,1,0
satellite_info.elevation[11],,,1,0
satellite_info.elevation[12],,,1,0
satellite_info.elevation[13],,,1,0
satellite_info.elevation[14],,,1,0
satellite_info.elevation[15],,,1,0
satellite_info.elevation[16],,,1,0
satellite_info.elevation[17],,,1,0
satellite_info.elevation[18],,,1,0
satellite_info.elevation[19],,,1,0
satellite_info.azimuth[0],,,1,0
satellite_info.azimuth[1],,,1,0
satellite_info.azimuth[2],,,1,0
satellite_info.azimuth[3],,,1,0
satellite_info.azimuth[4],,,1,0
satellite_info.azimuth[5],,,1,0
satellite_info.azimuth[6],,,1,0
satellite_info.azimuth[7],,,1,0
satellite_info.azimuth[8],,,1,0
satellite_info.azimuth[9],,,1,0
satellite_info.azimuth[10],,,1,0
satellite_info.azimuth[11],,,1,0
satellite_info.azimuth[12],,,1,0
satellite_info.azimuth[13],,,1,0
satellite_info.azimuth[14],,,1,0
satellite_info.azimuth[15],,,1,0
satellite_info.azimuth[16],,,1,0
satellite_info.azimuth[17],,,1,0
satellite_info.azimuth[18],,,1,0
satellite_info.azimuth[19],,,1,0
satellite_info.snr[0],,,1,0
satellite_info.snr[1],,,1,0
satellite_info.snr[2],,,1,0
satellite_info.snr[3],,,1,0
satellite_info.snr[4],,,1,0
satellite_info.snr[5],,,1,0
satellite_info.snr[6],,,1,0
satellite_info.snr[7],,,1,0
satellite_info.snr[8],,,1,0
satellite_info.snr[9],,,1,0
satellite_info.snr[10],,,1,0
satellite_info.snr[11],,,1,0
satellite_info.snr[12],,,1,0
satellite_info.snr[13],,,1,0
satellite_info.snr[14],,,1,0
satellite_info.snr[15],,,1,0
satellite_info.snr[16],,,1,0
satellite_info.snr[17],,,1,0
satellite_info.snr[18],,,1,0
satellite_info.snr[19],,,1,0
vtol_vehicle_status.vtol_in_rw_mode,,,1,0
vtol_vehicle_status.vtol_in_trans_mode,,,1,0
vtol_vehicle_status.in_transition_to_fw,,,1,0
vtol_vehicle_status.vtol_transition_failsafe,,,1,0
vtol_vehicle_status.fw_permanent_stab,,,1,0
qshell_req.strlen,,,1,0
qshell_req.string[0],,,1,0
qshell_req.string[1],,,1,0
qshell_req.string[2],,,1,0
qshell_req.string[3],,,1,0
qshell_req.string[4],,,1,0
qshell_req.string[5],,,1,0
qshell_req.string[6],,,1,0
qshell_req.string[7],,,1,0
qshell_req.string[8],,,1,0
qshell_req.string[9],,,1,0
qshell_req.string[10],,,1,0
qshell_req.string[11],,,1,0
qshell_req.string[12],,,1,0
qshell_req.string[13],,,1,0
qshell_req.string[14],,,1,0
qshell_req.string[15],,,1,0
qshell_req.string[16],,,1,0
qshell_req.string[17],,,1,0
qshell_req.string[18],,,1,0
qshell_req.string[19],,,1,0
qshell_req.string[20],,,1,0
qshell_req.string[21],,,1,0
qshell_req.string[22],,,1,0
qshell_req.string[23],,,1,0
qshell_req.string[24],,,1,0
qshell_req.string[25],,,1,0
qshell_req.string[26],,,1,0
qshell_req.string[27],,,1,0
qshell_req.string[28],,,1,0
qshell_req.string[29],,,1,0
qshell_req.string[30],,,1,0
qshell_req.string[31],,,1,0
qshell_req.string[32],,,1,0
qshell_req.string[33],,,1,0
qshell_req.string[34],,,1,0
qshell_req.string[35],,,1,0
qshell_req.string[36],,,1,0
qshell_req.string[37],,,1,0
qshell_req.string[38],,,1,0
qshell_req.string[39],,,1,0
qshell_req.string[40],,,1,0
qshell_req.string[41],,,1,0
qshell_req.string[42],,,1,0
qshell_req.string[43],,,1,0
qshell_req.string[44],,,1,0
qshell_req.string[45],,,1,0
qshell_req.string[46],,,1,0
qshell_req.string[47],,,1,0
qshell_req.string[48],,,1,0
qshell_req.string[49],,,1,0
qshell_req.string[50],,,1,0
qshell_req.string[51],,,1,0
qshell_req.string[52],,,1,0
qshell_req.string[53],,,1,0
qshell_req.string[54],,,1,0
qshell_req.string[55],,,1,0
qshell_req.string[56],,,1,0
qshell_req.string[57],,,1,0
qshell_req.string[58],,,1,0
qshell_req.string[59],,,1,0
qshell_req.string[60],,,1,0
qshell_req.string[61],,,1,0
qshell_req.string[62],,,1,0
qshell_req.string[63],,,1,0
qshell_req.string[64],,,1,0
qshell_req.string[65],,,1,0
qshell_req.string[66],,,1,0
qshell_req.string[67],,,1,0
qshell_req.string[68],,,1,0
qshell_req.string[69],,,1,0
qshell_req.string[70],,,1,0
qshell_req.string[71],,,1,0
qshell_req.string[72],,,1,0
qshell_req.string[73],,,1,0
qshell_req.string[74],,,1,0
qshell_req.string[75],,,1,0
qshell_req.string[76],,,1,0
qshell_req.string[77],,,1,0
qshell_req.string[78],,,1,0
qshell_req.string[79],,,1,0
qshell_req.string[80],,,1,0
qshell_req.string[81],,,1,0
qshell_req.string[82],,,1,0
qshell_req.string[83],,,1,0
qshell_req.string[84],,,1,0
qshell_req.string[85],,,1,0
qshell_req.string[86],,,1,0
qshell_req.string[87],,,1,0
qshell_req.string[88],,,1,0
qshell_req.string[89],,,1,0
qshell_req.string[90],,,1,0
qshell_req.string[91],,,1,0
qshell_req.string[92],,,1,0
qshell_req.string[93],,,1,0
qshell_req.string[94],,,1,0
qshell_req.string[95],,,1,0
qshell_req.string[96],,,1,0
qshell_req.string[97],,,1,0
qshell_req.string[98],,,1,0
qshell_req.string[99],,,1,0
vehicle_vision_position.ref_lat,,,1,0
vehicle_vision_position.ref_lon,,,1,0
vehicle_vision_position.x,,,1,0
vehicle_vision_position.y,,,1,0
vehicle_vision_position.z,,,1,0
vehicle_vision_position.delta_xy[0],,,1,0
vehicle_vision_position.delta_xy[1],,,1,0
vehicle_vision_position.delta_z,,,1,0
vehicle_vision_position.vx,,,1,0
vehicle_vision_position.vy,,,1,0
vehicle_vision_position.vz,,,1,0
vehicle_vision_position.z_deriv,,,1,0
vehicle_vision_position.delta_vxy[0],,,1,0
vehicle_vision_position.delta_vxy[1],,,1,0
vehicle_vision_position.delta_vz,,,1,0
vehicle_vision_position.ax,,,1,0
vehicle_vision_position.ay,,,1,0
vehicle_vision_position.az,,,1,0
vehicle_vision_position.yaw,,,1,0
vehicle_vision_position.ref_alt,,,1,0
vehicle_vision_position.dist_bottom,,,1,0
vehicle_vision_position.dist_bottom_rate,,,1,0
vehicle_vision_position.eph,,,1,0
vehicle_vision_position.epv,,,1,0
vehicle_vision_position.evh,,,1,0
vehicle_vision_position.evv,,,1,0
vehicle_vision_position.vxy_max,,,1,0
vehicle_vision_position.xy_valid,,,1,0
vehicle_vision_position.z_valid,,,1,0
vehicle_vision_position.v_xy_valid,,,1,0
vehicle_vision_position.v_z_valid,,,1,0
vehicle_vision_position.xy_reset_counter,,,1,0
vehicle_vision_position.z_reset_counter,,,1,0
vehicle_vision_position.vxy_reset_counter,,,1,0
vehicle_vision_position.vz_reset_counter,,,1,0
vehicle_vision_position.xy_global,,,1,0
vehicle_vision_position.z_global,,,1,0
vehicle_vision_position.dist_bottom_valid,,,1,0
vehicle_vision_position.limit_hagl,,,1,0
fw_pos_ctrl_status.nav_roll,,,1,0
fw_pos_ctrl_status.nav_pitch,,,1,0
fw_pos_ctrl_status.nav_bearing,,,1,0
fw_pos_ctrl_status.target_bearing,,,1,0
fw_pos_ctrl_status.wp_dist,,,1,0
fw_pos_ctrl_status.xtrack_error,,,1,0
fw_pos_ctrl_status.turn_distance,,,1,0
fw_pos_ctrl_status.landing_horizontal_slope_displacement,,,1,0
fw_pos_ctrl_status.landing_slope_angle_rad,,,1,0
fw_pos_ctrl_status.landing_flare_length,,,1,0
fw_pos_ctrl_status.abort_landing,,,1,0
gps_inject_data.len,,,1,0
gps_inject_data.flags,,,1,0
gps_inject_data.data[0],,,1,0
gps_inject_data.data[1],,,1,0
gps_inject_data.data[2],,,1,0
gps_inject_data.data[3],,,1,0
gps_inject_data.data[4],,,1,0
gps_inject_data.data[5],,,1,0
gps_inject_data.data[6],,,1,0
gps_inject_data.data[7],,,1,0
gps_inject_data.data[8],,,1,0
gps_inject_data.data[9],,,1,0
gps_inject_data.data[10],,,1,0
gps_inject_data.data[11],,,1,0
gps_inject_data.data[12],,,1,0
gps_inject_data.data[13],,,1,0
gps_inject_data.data[14],,,1,0
gps_inject_data.data[15],,,1,0
gps_inject_data.data[16],,,1,0
gps_inject_data.data[17],,,1,0
gps_inject_data.data[18],,,1,0
gps_inject_data.data[19],,,1,0
gps_inject_data.data[20],,,1,0
gps_inject_data.data[21],,,1,0
gps_inject_data.data[22],,,1,0
gps_inject_data.data[23],,,1,0
gps_inject_data.data[24],,,1,0
gps_inject_data.data[25],,,1,0
gps_inject_data.data[26],,,1,0
gps_inject_data.data[27],,,1,0
gps_inject_data.data[28],,,1,0
gps_inject_data.data[29],,,1,0
gps_inject_data.data[30],,,1,0
gps_inject_data.data[31],,,1,0
gps_inject_data.data[32],,,1,0
gps_inject_data.data[33],,,1,0
gps_inject_data.data[34],,,1,0
gps_inject_data.data[35],,,1,0
gps_inject_data.data[36],,,1,0
gps_inject_data.data[37],,,1,0
gps_inject_data.data[38],,,1,0
gps_inject_data.data[39],,,1,0
gps_inject_data.data[40],,,1,0
gps_inject_data.data[41],,,1,0
gps_inject_data.data[42],,,1,0
gps_inject_data.data[43],,,1,0
gps_inject_data.data[44],,,1,0
gps_inject_data.data[45],,,1,0
gps_inject_data.data[46],,,1,0
gps_inject_data.data[47],,,1,0
gps_inject_data.data[48],,,1,0
gps_inject_data.data[49],,,1,0
gps_inject_data.data[50],,,1,0
gps_inject_data.data[51],,,1,0
gps_inject_data.data[52],,,1,0
gps_inject_data.data[53],,,1,0
gps_inject_data.data[54],,,1,0
gps_inject_data.data[55],,,1,0
gps_inject_data.data[56],,,1,0
gps_inject_data.data[57],,,1,0
gps_inject_data.data[58],,,1,0
gps_inject_data.data[59],,,1,0
gps_inject_data.data[60],,,1,0
gps_inject_data.data[61],,,1,0
gps_inject_data.data[62],,,1,0
gps_inject_data.data[63],,,1,0
gps_inject_data.data[64],,,1,0
gps_inject_data.data[65],,,1,0
gps_inject_data.data[66],,,1,0
gps_inject_data.data[67],,,1,0
gps_inject_data.data[68],,,1,0
gps_inject_data.data[69],,,1,0
gps_inject_data.data[70],,,1,0
gps_inject_data.data[71],,,1,0
gps_inject_data.data[72],,,1,0
gps_inject_data.data[73],,,1,0
gps_inject_data.data[74],,,1,0
gps_inject_data.data[75],,,1,0
gps_inject_data.data[76],,,1,0
gps_inject_data.data[77],,,1,0
gps_inject_data.data[78],,,1,0
gps_inject_data.data[79],,,1,0
gps_inject_data.data[80],,,1,0
gps_inject_data.data[81],,,1,0
gps_inject_data.data[82],,,1,0
gps_inject_data.data[83],,,1,0
gps_inject_data.data[84],,,1,0
gps_inject_data.data[85],,,1,0
gps_inject_data.data[86],,,1,0
gps_inject_data.data[87],,,1,0
gps_inject_data.data[88],,,1,0
gps_inject_data.data[89],,,1,0
gps_inject_data.data[90],,,1,0
gps_inject_data.data[91],,,1,0
gps_inject_data.data[92],,,1,0
gps_inject_data.data[93],,,1,0
gps_inject_data.data[94],,,1,0
gps_inject_data.data[95],,,1,0
gps_inject_data.data[96],,,1,0
gps_inject_data.data[97],,,1,0
gps_inject_data.data[98],,,1,0
gps_inject_data.data[99],,,1,0
gps_inject_data.data[100],,,1,0
gps_inject_data.data[101],,,1,0
gps_inject_data.data[102],,,1,0
gps_inject_data.data[103],,,1,0
gps_inject_data.data[104],,,1,0
gps_inject_data.data[105],,,1,0
gps_inject_data.data[106],,,1,0
gps_inject_data.data[107],,,1,0
gps_inject_data.data[108],,,1,0
gps_inject_data.data[109],,,1,0
gps_inject_data.data[110],,,1,0
gps_inject_data.data[111],,,1,0
gps_inject_data.data[112],,,1,0
gps_inject_data.data[113],,,1,0
gps_inject_data.data[114],,,1,0
gps_inject_data.data[115],,,1,0
gps_inject_data.data[116],,,1,0
gps_inject_data.data[117],,,1,0
gps_inject_data.data[118],,,1,0
gps_inject_data.data[119],,,1,0
gps_inject_data.data[120],,,1,0
gps_inject_data.data[121],,,1,0
gps_inject_data.data[122],,,1,0
gps_inject_data.data[123],,,1,0
gps_inject_data.data[124],,,1,0
gps_inject_data.data[125],,,1,0
gps_inject_data.data[126],,,1,0
gps_inject_data.data[127],,,1,0
gps_inject_data.data[128],,,1,0
gps_inject_data.data[129],,,1,0
gps_inject_data.data[130],,,1,0
gps_inject_data.data[131],,,1,0
gps_inject_data.data[132],,,1,0
gps_inject_data.data[133],,,1,0
gps_inject_data.data[134],,,1,0
gps_inject_data.data[135],,,1,0
gps_inject_data.data[136],,,1,0
gps_inject_data.data[137],,,1,0
gps_inject_data.data[138],,,1,0
gps_inject_data.data[139],,,1,0
gps_inject_data.data[140],,,1,0
gps_inject_data.data[141],,,1,0
gps_inject_data.data[142],,,1,0
gps_inject_data.data[143],,,1,0
gps_inject_data.data[144],,,1,0
gps_inject_data.data[145],,,1,0
gps_inject_data.data[146],,,1,0
gps_inject_data.data[147],,,1,0
gps_inject_data.data[148],,,1,0
gps_inject_data.data[149],,,1,0
gps_inject_data.data[150],,,1,0
gps_inject_data.data[151],,,1,0
gps_inject_data.data[152],,,1,0
gps_inject_data.data[153],,,1,0
gps_inject_data.data[154],,,1,0
gps_inject_data.data[155],,,1,0
gps_inject_data.data[156],,,1,0
gps_inject_data.data[157],,,1,0
gps_inject_data.data[158],,,1,0
gps_inject_data.data[159],,,1,0
gps_inject_data.data[160],,,1,0
gps_inject_data.data[161],,,1,0
gps_inject_data.data[162],,,1,0
gps_inject_data.data[163],,,1,0
gps_inject_data.data[164],,,1,0
gps_inject_data.data[165],,,1,0
gps_inject_data.data[166],,,1,0
gps_inject_data.data[167],,,1,0
gps_inject_data.data[168],,,1,0
gps_inject_data.data[169],,,1,0
gps_inject_data.data[170],,,1,0
gps_inject_data.data[171],,,1,0
gps_inject_data.data[172],,,1,0
gps_inject_data.data[173],,,1,0
gps_inject_data.data[174],,,1,0
gps_inject_data.data[175],,,1,0
gps_inject_data.data[176],,,1,0
gps_inject_data.data[177],,,1,0
gps_inject_data.data[178],,,1,0
gps_inject_data.data[179],,,1,0
gps_inject_data.data[180],,,1,0
gps_inject_data.data[181],,,1,0
tune_control.duration,,,1,0
tune_control.silence,,,1,0
tune_control.frequency,,,1,0
tune_control.tune_id,,,1,0
tune_control.tune_override,,,1,0
tune_control.strength,,,1,0
ulog_stream_ack.sequence,,,1,0
sensor_gyro.integral_dt,,,1,0
sensor_gyro.error_count,,,1,0
sensor_gyro.x,,,1,0
sensor_gyro.y,,,1,0
sensor_gyro.z,,,1,0
sensor_gyro.x_integral,,,1,0
sensor_gyro.y_integral,,,1,0
sensor_gyro.z_integral,,,1,0
sensor_gyro.temperature,,,1,0
sensor_gyro.range_rad_s,,,1,0
sensor_gyro.scaling,,,1,0
sensor_gyro.device_id,,,1,0
sensor_gyro.x_raw,,,1,0
sensor_gyro.y_raw,,,1,0
sensor_gyro.z_raw,,,1,0
sensor_gyro.temperature_raw,,,1,0
commander_state.main_state,,,1,0
ulog_stream.sequence,,,1,0
ulog_stream.length,,,1,0
ulog_stream.first_message_offset,,,1,0
ulog_stream.flags,,,1,0
ulog_stream.data[0],,,1,0
ulog_stream.data[1],,,1,0
ulog_stream.data[2],,,1,0
ulog_stream.data[3],,,1,0
ulog_stream.data[4],,,1,0
ulog_stream.data[5],,,1,0
ulog_stream.data[6],,,1,0
ulog_stream.data[7],,,1,0
ulog_stream.data[8],,,1,0
ulog_stream.data[9],,,1,0
ulog_stream.data[10],,,1,0
ulog_stream.data[11],,,1,0
ulog_stream.data[12],,,1,0
ulog_stream.data[13],,,1,0
ulog_stream.data[14],,,1,0
ulog_stream.data[15],,,1,0
ulog_stream.data[16],,,1,0
ulog_stream.data[17],,,1,0
ulog_stream.data[18],,,1,0
ulog_stream.data[19],,,1,0
ulog_stream.data[20],,,1,0
ulog_stream.data[21],,,1,0
ulog_stream.data[22],,,1,0
ulog_stream.data[23],,,1,0
ulog_stream.data[24],,,1,0
ulog_stream.data[25],,,1,0
ulog_stream.data[26],,,1,0
ulog_stream.data[27],,,1,0
ulog_stream.data[28],,,1,0
ulog_stream.data[29],,,1,0
ulog_stream.data[30],,,1,0
ulog_stream.data[31],,,1,0
ulog_stream.data[32],,,1,0
ulog_stream.data[33],,,1,0
ulog_stream.data[34],,,1,0
ulog_stream.data[35],,,1,0
ulog_stream.data[36],,,1,0
ulog_stream.data[37],,,1,0
ulog_stream.data[38],,,1,0
ulog_stream.data[39],,,1,0
ulog_stream.data[40],,,1,0
ulog_stream.data[41],,,1,0
ulog_stream.data[42],,,1,0
ulog_stream.data[43],,,1,0
ulog_stream.data[44],,,1,0
ulog_stream.data[45],,,1,0
ulog_stream.data[46],,,1,0
ulog_stream.data[47],,,1,0
ulog_stream.data[48],,,1,0
ulog_stream.data[49],,,1,0
ulog_stream.data[50],,,1,0
ulog_stream.data[51],,,1,0
ulog_stream.data[52],,,1,0
ulog_stream.data[53],,,1,0
ulog_stream.data[54],,,1,0
ulog_stream.data[55],,,1,0
ulog_stream.data[56],,,1,0
ulog_stream.data[57],,,1,0
ulog_stream.data[58],,,1,0
ulog_stream.data[59],,,1,0
ulog_stream.data[60],,,1,0
ulog_stream.data[61],,,1,0
ulog_stream.data[62],,,1,0
ulog_stream.data[63],,,1,0
ulog_stream.data[64],,,1,0
ulog_stream.data[65],,,1,0
ulog_stream.data[66],,,1,0
ulog_stream.data[67],,,1,0
ulog_stream.data[68],,,1,0
ulog_stream.data[69],,,1,0
ulog_stream.data[70],,,1,0
ulog_stream.data[71],,,1,0
ulog_stream.data[72],,,1,0
ulog_stream.data[73],,,1,0
ulog_stream.data[74],,,1,0
ulog_stream.data[75],,,1,0
ulog_stream.data[76],,,1,0
ulog_stream.data[77],,,1,0
ulog_stream.data[78],,,1,0
ulog_stream.data[79],,,1,0
ulog_stream.data[80],,,1,0
ulog_stream.data[81],,,1,0
ulog_stream.data[82],,,1,0
ulog_stream.data[83],,,1,0
ulog_stream.data[84],,,1,0
ulog_stream.data[85],,,1,0
ulog_stream.data[86],,,1,0
ulog_stream.data[87],,,1,0
ulog_stream.data[88],,,1,0
ulog_stream.data[89],,,1,0
ulog_stream.data[90],,,1,0
ulog_stream.data[91],,,1,0
ulog_stream.data[92],,,1,0
ulog_stream.data[93],,,1,0
ulog_stream.data[94],,,1,0
ulog_stream.data[95],,,1,0
ulog_stream.data[96],,,1,0
ulog_stream.data[97],,,1,0
ulog_stream.data[98],,,1,0
ulog_stream.data[99],,,1,0
ulog_stream.data[100],,,1,0
ulog_stream.data[101],,,1,0
ulog_stream.data[102],,,1,0
ulog_stream.data[103],,,1,0
ulog_stream.data[104],,,1,0
ulog_stream.data[105],,,1,0
ulog_stream.data[106],,,1,0
ulog_stream.data[107],,,1,0
ulog_stream.data[108],,,1,0
ulog_stream.data[109],,,1,0
ulog_stream.data[110],,,1,0
ulog_stream.data[111],,,1,0
ulog_stream.data[112],,,1,0
ulog_stream.data[113],,,1,0
ulog_stream.data[114],,,1,0
ulog_stream.data[115],,,1,0
ulog_stream.data[116],,,1,0
ulog_stream.data[117],,,1,0
ulog_stream.data[118],,,1,0
ulog_stream.data[119],,,1,0
ulog_stream.data[120],,,1,0
ulog_stream.data[121],,,1,0
ulog_stream.data[122],,,1,0
ulog_stream.data[123],,,1,0
ulog_stream.data[124],,,1,0
ulog_stream.data[125],,,1,0
ulog_stream.data[126],,,1,0
ulog_stream.data[127],,,1,0
ulog_stream.data[128],,,1,0
ulog_stream.data[129],,,1,0
ulog_stream.data[130],,,1,0
ulog_stream.data[131],,,1,0
ulog_stream.data[132],,,1,0
ulog_stream.data[133],,,1,0
ulog_stream.data[134],,,1,0
ulog_stream.data[135],,,1,0
ulog_stream.data[136],,,1,0
ulog_stream.data[137],,,1,0
ulog_stream.data[138],,,1,0
ulog_stream.data[139],,,1,0
ulog_stream.data[140],,,1,0
ulog_stream.data[141],,,1,0
ulog_stream.data[142],,,1,0
ulog_stream.data[143],,,1,0
ulog_stream.data[144],,,1,0
ulog_stream.data[145],,,1,0
ulog_stream.data[146],,,1,0
ulog_stream.data[147],,,1,0
ulog_stream.data[148],,,1,0
ulog_stream.data[149],,,1,0
ulog_stream.data[150],,,1,0
ulog_stream.data[151],,,1,0
ulog_stream.data[152],,,1,0
ulog_stream.data[153],,,1,0
ulog_stream.data[154],,,1,0
ulog_stream.data[155],,,1,0
ulog_stream.data[156],,,1,0
ulog_stream.data[157],,,1,0
ulog_stream.data[158],,,1,0
ulog_stream.data[159],,,1,0
ulog_stream.data[160],,,1,0
ulog_stream.data[161],,,1,0
ulog_stream.data[162],,,1,0
ulog_stream.data[163],,,1,0
ulog_stream.data[164],,,1,0
ulog_stream.data[165],,,1,0
ulog_stream.data[166],,,1,0
ulog_stream.data[167],,,1,0
ulog_stream.data[168],,,1,0
ulog_stream.data[169],,,1,0
ulog_stream.data[170],,,1,0
ulog_stream.data[171],,,1,0
ulog_stream.data[172],,,1,0
ulog_stream.data[173],,,1,0
ulog_stream.data[174],,,1,0
ulog_stream.data[175],,,1,0
ulog_stream.data[176],,,1,0
ulog_stream.data[177],,,1,0
ulog_stream.data[178],,,1,0
ulog_stream.data[179],,,1,0
ulog_stream.data[180],,,1,0
ulog_stream.data[181],,,1,0
ulog_stream.data[182],,,1,0
ulog_stream.data[183],,,1,0
ulog_stream.data[184],,,1,0
ulog_stream.data[185],,,1,0
ulog_stream.data[186],,,1,0
ulog_stream.data[187],,,1,0
ulog_stream.data[188],,,1,0
ulog_stream.data[189],,,1,0
ulog_stream.data[190],,,1,0
ulog_stream.data[191],,,1,0
ulog_stream.data[192],,,1,0
ulog_stream.data[193],,,1,0
ulog_stream.data[194],,,1,0
ulog_stream.data[195],,,1,0
ulog_stream.data[196],,,1,0
ulog_stream.data[197],,,1,0
ulog_stream.data[198],,,1,0
ulog_stream.data[199],,,1,0
ulog_stream.data[200],,,1,0
ulog_stream.data[201],,,1,0
ulog_stream.data[202],,,1,0
ulog_stream.data[203],,,1,0
ulog_stream.data[204],,,1,0
ulog_stream.data[205],,,1,0
ulog_stream.data[206],,,1,0
ulog_stream.data[207],,,1,0
ulog_stream.data[208],,,1,0
ulog_stream.data[209],,,1,0
ulog_stream.data[210],,,1,0
ulog_stream.data[211],,,1,0
ulog_stream.data[212],,,1,0
ulog_stream.data[213],,,1,0
ulog_stream.data[214],,,1,0
ulog_stream.data[215],,,1,0
ulog_stream.data[216],,,1,0
ulog_stream.data[217],,,1,0
ulog_stream.data[218],,,1,0
ulog_stream.data[219],,,1,0
ulog_stream.data[220],,,1,0
ulog_stream.data[221],,,1,0
ulog_stream.data[222],,,1,0
ulog_stream.data[223],,,1,0
ulog_stream.data[224],,,1,0
ulog_stream.data[225],,,1,0
ulog_stream.data[226],,,1,0
ulog_stream.data[227],,,1,0
ulog_stream.data[228],,,1,0
ulog_stream.data[229],,,1,0
ulog_stream.data[230],,,1,0
ulog_stream.data[231],,,1,0
ulog_stream.data[232],,,1,0
ulog_stream.data[233],,,1,0
ulog_stream.data[234],,,1,0
ulog_stream.data[235],,,1,0
ulog_stream.data[236],,,1,0
ulog_stream.data[237],,,1,0
ulog_stream.data[238],,,1,0
ulog_stream.data[239],,,1,0
ulog_stream.data[240],,,1,0
ulog_stream.data[241],,,1,0
ulog_stream.data[242],,,1,0
ulog_stream.data[243],,,1,0
ulog_stream.data[244],,,1,0
ulog_stream.data[245],,,1,0
ulog_stream.data[246],,,1,0
ulog_stream.data[247],,,1,0
ulog_stream.data[248],,,1,0
actuator_controls_virtual_mc.control[0],,,1,0
actuator_controls_virtual_mc.control[1],,,1,0
actuator_controls_virtual_mc.control[2],,,1,0
actuator_controls_virtual_mc.control[3],,,1,0
actuator_controls_virtual_mc.control[4],,,1,0
actuator_controls_virtual_mc.control[5],,,1,0
actuator_controls_virtual_mc.control[6],,,1,0
actuator_controls_virtual_mc.control[7],,,1,0
debug_vect.x,,,1,0
debug_vect.y,,,1,0
debug_vect.z,,,1,0
debug_vect.name[0],,,1,0
debug_vect.name[1],,,1,0
debug_vect.name[2],,,1,0
debug_vect.name[3],,,1,0
debug_vect.name[4],,,1,0
debug_vect.name[5],,,1,0
debug_vect.name[6],,,1,0
debug_vect.name[7],,,1,0
debug_vect.name[8],,,1,0
debug_vect.name[9],,,1,0
distance_sensor.min_distance,,,1,0
distance_sensor.max_distance,,,1,0
distance_sensor.current_distance,,,1,0
distance_sensor.covariance,,,1,0
distance_sensor.type,,,1,0
distance_sensor.id,,,1,0
distance_sensor.orientation,,,1,0
offboard_control_mode.ignore_thrust,,,1,0
offboard_control_mode.ignore_attitude,,,1,0
offboard_control_mode.ignore_bodyrate,,,1,0
offboard_control_mode.ignore_position,,,1,0
offboard_control_mode.ignore_velocity,,,1,0
offboard_control_mode.ignore_acceleration_force,,,1,0
offboard_control_mode.ignore_alt_hold,,,1,0
gps_dump.len,,,1,0
gps_dump.data[0],,,1,0
gps_dump.data[1],,,1,0
gps_dump.data[2],,,1,0
gps_dump.data[3],,,1,0
gps_dump.data[4],,,1,0
gps_dump.data[5],,,1,0
gps_dump.data[6],,,1,0
gps_dump.data[7],,,1,0
gps_dump.data[8],,,1,0
gps_dump.data[9],,,1,0
gps_dump.data[10],,,1,0
gps_dump.data[11],,,1,0
gps_dump.data[12],,,1,0
gps_dump.data[13],,,1,0
gps_dump.data[14],,,1,0
gps_dump.data[15],,,1,0
gps_dump.data[16],,,1,0
gps_dump.data[17],,,1,0
gps_dump.data[18],,,1,0
gps_dump.data[19],,,1,0
gps_dump.data[20],,,1,0
gps_dump.data[21],,,1,0
gps_dump.data[22],,,1,0
gps_dump.data[23],,,1,0
gps_dump.data[24],,,1,0
gps_dump.data[25],,,1,0
gps_dump.data[26],,,1,0
gps_dump.data[27],,,1,0
gps_dump.data[28],,,1,0
gps_dump.data[29],,,1,0
gps_dump.data[30],,,1,0
gps_dump.data[31],,,1,0
gps_dump.data[32],,,1,0
gps_dump.data[33],,,1,0
gps_dump.data[34],,,1,0
gps_dump.data[35],,,1,0
gps_dump.data[36],,,1,0
gps_dump.data[37],,,1,0
gps_dump.data[38],,,1,0
gps_dump.data[39],,,1,0
gps_dump.data[40],,,1,0
gps_dump.data[41],,,1,0
gps_dump.data[42],,,1,0
gps_dump.data[43],,,1,0
gps_dump.data[44],,,1,0
gps_dump.data[45],,,1,0
gps_dump.data[46],,,1,0
gps_dump.data[47],,,1,0
gps_dump.data[48],,,1,0
gps_dump.data[49],,,1,0
gps_dump.data[50],,,1,0
gps_dump.data[51],,,1,0
gps_dump.data[52],,,1,0
gps_dump.data[53],,,1,0
gps_dump.data[54],,,1,0
gps_dump.data[55],,,1,0
gps_dump.data[56],,,1,0
gps_dump.data[57],,,1,0
gps_dump.data[58],,,1,0
gps_dump.data[59],,,1,0
gps_dump.data[60],,,1,0
gps_dump.data[61],,,1,0
gps_dump.data[62],,,1,0
gps_dump.data[63],,,1,0
gps_dump.data[64],,,1,0
gps_dump.data[65],,,1,0
gps_dump.data[66],,,1,0
gps_dump.data[67],,,1,0
gps_dump.data[68],,,1,0
gps_dump.data[69],,,1,0
gps_dump.data[70],,,1,0
gps_dump.data[71],,,1,0
gps_dump.data[72],,,1,0
gps_dump.data[73],,,1,0
gps_dump.data[74],,,1,0
gps_dump.data[75],,,1,0
gps_dump.data[76],,,1,0
gps_dump.data[77],,,1,0
gps_dump.data[78],,,1,0
mavlink_log.text[0],,,1,0
mavlink_log.text[1],,,1,0
mavlink_log.text[2],,,1,0
mavlink_log.text[3],,,1,0
mavlink_log.text[4],,,1,0
mavlink_log.text[5],,,1,0
mavlink_log.text[6],,,1,0
mavlink_log.text[7],,,1,0
mavlink_log.text[8],,,1,0
mavlink_log.text[9],,,1,0
mavlink_log.text[10],,,1,0
mavlink_log.text[11],,,1,0
mavlink_log.text[12],,,1,0
mavlink_log.text[13],,,1,0
mavlink_log.text[14],,,1,0
mavlink_log.text[15],,,1,0
mavlink_log.text[16],,,1,0
mavlink_log.text[17],,,1,0
mavlink_log.text[18],,,1,0
mavlink_log.text[19],,,1,0
mavlink_log.text[20],,,1,0
mavlink_log.text[21],,,1,0
mavlink_log.text[22],,,1,0
mavlink_log.text[23],,,1,0
mavlink_log.text[24],,,1,0
mavlink_log.text[25],,,1,0
mavlink_log.text[26],,,1,0
mavlink_log.text[27],,,1,0
mavlink_log.text[28],,,1,0
mavlink_log.text[29],,,1,0
mavlink_log.text[30],,,1,0
mavlink_log.text[31],,,1,0
mavlink_log.text[32],,,1,0
mavlink_log.text[33],,,1,0
mavlink_log.text[34],,,1,0
mavlink_log.text[35],,,1,0
mavlink_log.text[36],,,1,0
mavlink_log.text[37],,,1,0
mavlink_log.text[38],,,1,0
mavlink_log.text[39],,,1,0
mavlink_log.text[40],,,1,0
mavlink_log.text[41],,,1,0
mavlink_log.text[42],,,1,0
mavlink_log.text[43],,,1,0
mavlink_log.text[44],,,1,0
mavlink_log.text[45],,,1,0
mavlink_log.text[46],,,1,0
mavlink_log.text[47],,,1,0
mavlink_log.text[48],,,1,0
mavlink_log.text[49],,,1,0
mavlink_log.severity,,,1,0
actuator_direct.nvalues,,,1,0
actuator_direct.values[0],,,1,0
actuator_direct.values[1],,,1,0
actuator_direct.values[2],,,1,0
actuator_direct.values[3],,,1,0
actuator_direct.values[4],,,1,0
actuator_direct.values[5],,,1,0
actuator_direct.values[6],,,1,0
actuator_direct.values[7],,,1,0
actuator_direct.values[8],,,1,0
actuator_direct.values[9],,,1,0
actuator_direct.values[10],,,1,0
actuator_direct.values[11],,,1,0
actuator_direct.values[12],,,1,0
actuator_direct.values[13],,,1,0
actuator_direct.values[14],,,1,0
actuator_direct.values[15],,,1,0
follow_target.lat,,,1,0
follow_target.lon,,,1,0
follow_target.alt,,,1,0
follow_target.vy,,,1,0
follow_target.vx,,,1,0
follow_target.vz,,,1,0
follow_target.est_cap,,,1,0
vehicle_roi.lat,,,1,0
vehicle_roi.lon,,,1,0
vehicle_roi.mission_seq,,,1,0
vehicle_roi.target_seq,,,1,0
vehicle_roi.alt,,,1,0
vehicle_roi.pitchOffset,,,1,0
vehicle_roi.rollOffset,,,1,0
vehicle_roi.yawOffset,,,1,0
vehicle_roi.mode,,,1,0
vehicle_attitude_groundtruth.rollspeed,,,1,0
vehicle_attitude_groundtruth.pitchspeed,,,1,0
vehicle_attitude_groundtruth.yawspeed,,,1,0
vehicle_attitude_groundtruth.q[0],,,1,0
vehicle_attitude_groundtruth.q[1],,,1,0
vehicle_attitude_groundtruth.q[2],,,1,0
vehicle_attitude_groundtruth.q[3],,,1,0
vehicle_attitude_groundtruth.delta_q_reset[0],,,1,0
vehicle_attitude_groundtruth.delta_q_reset[1],,,1,0
vehicle_attitude_groundtruth.delta_q_reset[2],,,1,0
vehicle_attitude_groundtruth.delta_q_reset[3],,,1,0
vehicle_attitude_groundtruth.quat_reset_counter,,,1,0
sensor_mag.error_count,,,1,0
sensor_mag.x,,,1,0
sensor_mag.y,,,1,0
sensor_mag.z,,,1,0
sensor_mag.range_ga,,,1,0
sensor_mag.scaling,,,1,0
sensor_mag.temperature,,,1,0
sensor_mag.device_id,,,1,0
sensor_mag.x_raw,,,1,0
sensor_mag.y_raw,,,1,0
sensor_mag.z_raw,,,1,0
sensor_mag.is_external,,,1,0
mc_virtual_attitude_setpoint.roll_body,,,1,0
mc_virtual_attitude_setpoint.pitch_body,,,1,0
mc_virtual_attitude_setpoint.yaw_body,,,1,0
mc_virtual_attitude_setpoint.yaw_sp_move_rate,,,1,0
mc_virtual_attitude_setpoint.q_d[0],,,1,0
mc_virtual_attitude_setpoint.q_d[1],,,1,0
mc_virtual_attitude_setpoint.q_d[2],,,1,0
mc_virtual_attitude_setpoint.q_d[3],,,1,0
mc_virtual_attitude_setpoint.thrust,,,1,0
mc_virtual_attitude_setpoint.landing_gear,,,1,0
mc_virtual_attitude_setpoint.q_d_valid,,,1,0
mc_virtual_attitude_setpoint.roll_reset_integral,,,1,0
mc_virtual_attitude_setpoint.pitch_reset_integral,,,1,0
mc_virtual_attitude_setpoint.yaw_reset_integral,,,1,0
mc_virtual_attitude_setpoint.fw_control_yaw,,,1,0
mc_virtual_attitude_setpoint.disable_mc_yaw_control,,,1,0
mc_virtual_attitude_setpoint.apply_flaps,,,1,0
